day,T
112.5,293.8500008
113,286.3499998
114.5,294.15
117.5,299.8500008
121,285.15
126.5,295.65
129,281.9500002
130,282.3499998
131,283.5499996
132,283.5499996
133,285.9500002
134,283.4500002
135,286.65
136,287.15
137,286.5499996
137.5,295.65
138,286.5499996
139,286.15
140,284.7500004
140.5,296.65
142,286.15
143,286.9500002
143.5,297.0499996
145,287.5499996
145.5,298.2500004
146,285.9500002
146.5,298.2500004
147,284.7500004
150,282.3499998
151,283.9500002
151.5,293.2500004
152.5,292.0499996
153,283.65
153.5,290.7500004
154,281.8499998
155,282.9500002
156,285.15
156.5,296.7500004
157,284.5499996
157.5,295.7500004
158,284.65
159,287.0499996
159.5,298.65
160,289.65
161,289.0499996
162.5,300.2500004
163.5,295.4499992
164,279.65
165,281.0500001
165.5,288.8499998
166,282.65
167,284.0499996
168,285.2500004
168.5,295.15
169,285.65
170,285.0499996
171,285.65
172,284.2500004
173,284.0499996
173.5,296.4499992
175.5,300.2500004
176.5,300.4499992
177,289.8500008
178,286.2500004
178.5,302.8500008
179,286.2500004
179.5,301.0499996
180,288.0499996
181,288.2500004
182,289.2500004
183,289.8500008
183.5,301.7500004
184,289.0499996
184.5,301.8500008
185.5,299.4499992
186,290.2500004
187,290.4499992
188,289.8500008
188.5,303.15
189.5,293.65
190,285.9500002
190.5,293.15
191,286.4500002
194,290.4499992
194.5,300.2500004
195.5,296.65
197,286.0499996
197.5,295.65
198,285.65
199,287.8499998
199.5,299.15
200,287.65
200.5,298.2500004
201,287.65
201.5,299.0499996
202,284.4500002
202.5,294.0499996
203,280.15
203.5,291.0499996
205,282.65
206,287.9500002
207,284.5499996
207.5,300.0499996
208,288.0499996
209,288.5499996
211,290.15
212,287.0499996
212.5,302.4499992
214.5,288.5499996
215,283.2500004
216,284.4500002
218,287.8499998
219,286.0499996
219.5,302.4499992
220,285.65
220.5,297.0499996
221,285.2500004
221.5,289.8500008
222,285.15
223,285.5499996
225,291.8500008
226,288.8499998
226.5,304.8500008
227,289.8500008
228.5,297.65
229.5,297.7500004
231,287.15
231.5,296.8500008
232,284.4500002
233,283.65
233.5,298.0499996
234,286.15
234.5,297.5499996
235,284.8499998
235.5,292.0499996
236,285.8499998
237,287.15
238,286.8499998
239,288.65
239.5,296.65
240,286.65
240.5,297.8500008
241.5,296.2500004
242,285.65
243,286.65
244,289.0499996
245,292.7500004
245.5,303.0499996
246,288.65
247,280.8499998
247.5,294.2500004
248,288.15
249,290.65
249.5,298.0499996
250.5,295.2500004
251,283.8499998
252,285.15
252.5,289.8500008
253,287.15
254.5,296.15
255.5,295.8500008
257,285.0499996
257.5,295.7500004
258,284.65
258.5,290.4499992
259,285.8499998
260,288.2500004
261,289.8500008
261.5,294.2500004
262,289.8500008
263,287.8499998
264,289.4499992
264.5,300.65
265,288.15
266,291.65
266.5,302.15
267,290.65
270,289.2500004
271,288.15
271.5,299.3500008
272,289.15
273,289.5499996
273.5,298.65
274.5,297.8500008
275,290.2500004
276,289.7500004
277,290.5499996
278,290.65
278.5,297.7500004
279,290.3500008
280,290.9499992
281,288.8499998
281.5,297.8500008
282,289.8500008
282.5,295.2500004
285,292.4499992
287,290.0499996
287.5,302.65
288,289.0499996
288.5,302.0499996
289,289.8500008
290,290.15
291.5,302.0499996
292,291.8500008
292.5,302.2500004
293.5,301.8500008
294.5,296.0499996
295,289.65
296,290.65
297,290.65
297.5,300.65
298,290.4499992
298.5,300.8500008
299,289.2500004
299.5,300.8500008
300,290.7500004
300.5,301.2500004
301,290.15
301.5,301.4499992
302,292.0499996
302.5,299.65
303,291.65
304,291.8500008
305,291.8500008
305.5,296.8500008
306,292.5499996
307,292.15
308,292.2500004
308.5,302.65
309,289.65
309.5,301.2500004
310,289.8500008
310.5,300.2500004
311.5,299.8500008
312,285.15
313,291.2500004
314,292.8500008
315,292.8500008
316,291.2500004
316.5,305.4499992
317,291.2500004
317.5,303.4499992
318,291.2500004
319,292.2500004
319.5,303.4499992
320,292.8500008
321,289.8500008
321.5,302.2500004
322,289.8500008
322.5,298.65
323,289.2500004
324,290.65
325,291.65
325.5,301.2500004
326,292.0499996
327,291.65
327.5,301.8500008
328,288.8499998
328.5,299.2500004
329.5,293.2500004
330,287.0499996
331,288.65
332,290.8500008
332.5,298.15
333,291.0499996
333.5,299.4499992
334,291.8500008
335,290.4499992
335.5,303.0499996
336,292.8500008
336.5,302.8500008
338,291.8500008
339,290.4499992
339.5,299.0499996
340,290.4499992
341,291.4499992
342,291.65
343,292.0499996
344,292.2500004
345,291.8500008
345.5,301.2500004
347,292.0499996
348,291.8500008
348.5,303.2500004
349.5,302.8500008
350.5,295.65
351,289.0499996
352,289.2500004
352.5,296.7500004
354,290.4499992
355,290.0499996
355.5,301.0499996
356,290.8500008
357,291.65
358,292.0499996
358.5,303.2500004
359,291.0499996
359.5,302.0499996
360,290.8500008
361,291.0499996
361.5,302.2500004
362,290.2500004
362.5,300.65
363,289.0499996
363.5,299.65
364,289.2500004
365,291.65
365.5,300.4499992
367,291.15
368,291.65
368.5,303.9499992
369,289.9499992
369.5,303.15
371.5,294.4499992
376.5,299.0499996
377.5,300.2500004
378.5,299.2500004
380.5,300.4499992
381.5,294.65
383.5,298.4499992
387.5,301.4499992
390.5,300.4499992
391,289.8500008
391.5,298.2500004
392,290.0499996
393,290.0499996
394,289.4499992
394.5,300.7500004
395,287.5499996
395.5,299.65
396,286.0499996
397,287.8499998
398,287.8499998
399,287.7500004
400,288.4500002
400.5,298.15
401,289.4499992
402,289.4499992
402.5,298.5499996
404,290.7500004
405,291.0499996
405.5,301.2500004
407,290.0499996
408,289.0499996
408.5,298.15
409,287.8499998
409.5,298.2500004
410,288.2500004
411,290.2500004
411.5,299.2500004
412,291.15
413,288.4500002
414.5,298.2500004
415,286.0499996
415.5,295.3500008
417,284.65
417.5,296.7500004
418,284.65
418.5,296.65
419,285.65
420,286.7500004
420.5,297.0499996
422,289.2500004
422.5,298.2500004
423,289.8500008
423.5,297.15
424,290.0499996
425,289.65
426,289.8500008
426.5,298.8500008
427,288.2500004
428,289.0499996
429.5,301.2500004
430,286.65
430.5,296.4499992
431,287.4500002
432,285.2500004
432.5,297.0499996
433,284.65
433.5,293.4499992
434.5,297.3500008
436,284.65
436.5,294.7500004
437,284.4500002
438,286.65
439,288.4500002
440,288.2500004
440.5,300.2500004
441,283.8499998
441.5,297.8500008
442,284.7500004
443,284.0499996
444,284.0499996
445,283.4500002
446,283.2500004
447,283.8499998
448,283.65
450,286.8499998
450.5,299.65
451,283.0499996
452,283.4500002
453,286.7500004
454,284.65
454.5,299.4499992
455,284.2500004
456,285.8499998
456.5,294.15
457,285.8499998
457.5,294.3500008
458,283.2500004
459,284.0499996
460,285.4500002
461,285.4500002
462,285.65
463,286.4500002
463.5,296.8500008
464,285.65
464.5,296.15
465,286.0499996
466.5,297.8500008
467,287.2500004
467.5,297.4499992
468,286.65
468.5,297.5499996
469,285.15
470,286.0499996
471,286.4500002
471.5,296.8500008
472,286.65
473,288.0499996
473.5,299.5499996
474.5,297.5499996
475,282.4500002
475.5,296.8500008
476,281.0500001
477,282.4500002
478,284.2500004
479,286.4500002
480,288.0499996
480.5,301.2500004
481,286.4500002
481.5,300.4499992
482,286.65
483,285.8499998
484,284.2500004
484.5,300.65
485,284.8499998
485.5,296.4499992
486,286.0499996
486.5,296.65
487,286.8499998
487.5,296.7500004
488,285.65
488.5,293.65
489,279.15
489.5,293.9499992
490,286.0499996
491,286.4500002
491.5,295.9499992
492,285.8499998
493,286.65
493.5,297.0499996
494,287.65
495,287.4500002
496,283.8499998
496.5,298.7500004
497,282.7500004
498,283.0499996
499,286.0499996
499.5,294.2500004
500,278.8499998
500.5,293.65
501,277.3499998
501.5,293.65
502,281.2500004
503,282.65
503.5,295.9499992
504,281.8499998
505,286.4500002
506,288.65
506.5,297.2500004
507,282.4500002
507.5,296.65
508,281.8499998
508.5,291.0499996
509,283.65
510.5,292.8500008
511,281.65
511.5,292.65
512,281.0500001
512.5,292.65
514,283.8499998
515,283.0499996
515.5,296.5499996
516,285.8499998
516.5,295.5499996
517,286.4500002
518,286.0499996
518.5,298.15
519,280.2499999
519.5,291.15
520,279.8499998
521,283.8499998
522,286.2500004
523,288.4500002
523.5,300.2500004
524.5,297.65
526,279.65
526.5,290.65
528,279.8499998
529,280.4500002
530,285.4500002
530.5,296.2500004
531,285.2500004
532,285.8499998
533,285.65
533.5,296.2500004
534,286.0499996
534.5,295.5499996
535,285.65
536,286.65
537,287.4500002
538,287.0499996
539,289.0499996
539.5,302.0499996
540,290.0499996
541,287.65
541.5,304.5499996
544,285.4500002
545,286.8499998
545.5,293.3500008
546,287.2500004
547,286.8499998
547.5,298.3500008
548.5,292.65
550,282.8499998
550.5,289.65
551,283.2500004
551.5,290.2500004
552,284.0499996
553,284.0499996
554,285.4500002
554.5,295.2500004
555,285.9500002
556,287.4500002
557,287.8499998
557.5,298.2500004
558,287.2500004
558.5,296.2500004
559,289.0499996
560,289.4499992
560.5,300.4499992
561.5,299.4499992
562,287.2500004
562.5,301.3500008
563,287.0499996
564,287.4500002
565,288.0499996
565.5,299.0499996
566,288.0499996
566.5,299.7500004
567,287.8499998
568,287.65
568.5,302.65
569,287.4500002
570.5,301.0499996
571,282.8499998
571.5,295.65
572,282.2500004
573,283.4500002
574,284.0499996
575,286.0499996
575.5,299.0499996
576,287.65
576.5,298.4499992
577,286.0499996
579,290.4499992
579.5,307.2499985
581,288.4500002
581.5,302.4499992
582,287.8499998
582.5,300.0499996
583,286.2500004
583.5,292.4499992
584,287.0499996
585,287.4500002
586,290.0499996
586.5,301.8500008
587,290.4499992
588,291.0499996
589,289.2500004
589.5,305.65
590,289.4499992
590.5,304.15
591,288.8499998
592,289.4499992
592.5,302.65
593,289.8500008
594,291.7500004
595,290.4499992
595.5,304.7500004
596,289.4499992
596.5,303.4499992
597,290.8500008
597.5,304.15
598,291.3500008
599,292.15
599.5,304.3500008
600,290.65
600.5,304.3500008
601,290.65
601.5,304.65
602,288.4500002
602.5,302.65
603,292.3500008
603.5,302.65
605,284.65
605.5,290.2500004
606,286.0499996
607,287.4500002
608,286.15
608.5,299.4499992
609,287.65
610,289.2500004
610.5,302.9499992
611.5,298.65
612.5,296.65
613,288.4500002
614,285.65
615,286.4500002
615.5,296.8500008
616,287.4500002
617,289.2500004
617.5,299.4499992
618,289.8500008
618.5,300.0499996
619,290.8500008
619.5,299.65
620,290.65
620.5,298.15
628,289.65
628.5,301.65
629,290.0499996
629.5,301.65
630,290.4499992
630.5,301.7500004
634,289.4499992
634.5,297.8500008
641,289.4499992
642,288.4500002
642.5,302.0499996
643,285.8499998
643.5,298.2500004
644,288.0499996
645,288.2500004
646,291.3500008
646.5,302.65
647,288.4500002
654,285.8499998
654.5,296.4499992
687,291.0499996
687.5,302.8500008
692,289.65
692.5,301.4499992
694,292.3500008
705,290.65
705.5,304.5499996
706,290.65
706.5,300.9499992
711,290.0499996
711.5,301.3500008
720,289.4499992
720.5,301.9499992
721,289.65
722,289.7500004
722.5,303.0499996
723,290.4499992
723.5,302.5499996
724,289.8500008
724.5,301.9499992
725,289.65
725.5,301.65
726,288.2500004
727,288.2500004
727.5,301.4499992
730,289.3500008
730.5,301.2500004
733,290.4499992
752.5,304.2500004
784,288.4500002
785,289.3500008
785.5,301.3500008
787,288.7500004
789,290.0499996
789.5,298.9499992
793,282.0499996
793.5,299.65
794,283.0499996
794.5,295.0499996
795,283.8499998
795.5,295.4499992
796,283.8499998
796.5,296.15
797,287.4500002
799,288.7500004
799.5,303.3500008
801,285.65
801.5,295.3500008
803,285.2500004
804,286.2500004
814,287.5499996
814.5,296.65
815,287.8499998
816,287.8499998
818,287.0499996
818.5,300.65
819,288.5499996
819.5,297.65
820,287.2500004
820.5,298.15
821.5,297.15
822,288.0499996
823,285.8499998
823.5,297.2500004
824,286.65
825,286.4500002
825.5,298.15
829.5,298.4499992
830,286.0499996
830.5,294.8500008
831,285.4500002
832,284.7500004
833,285.8499998
833.5,298.3500008
834,287.0499996
834.5,297.7500004
839,283.0499996
839.5,295.0499996
840,280.9500002
840.5,291.7500004
841,283.8499998
842,286.0499996
844,284.4500002
845,285.2500004
845.5,297.9499992
846,281.2500004
846.5,296.9499992
847,281.5499996
848,281.8499998
849,281.65
849.5,294.7500004
850,283.8499998
851,283.2500004
852.5,297.7500004
853,284.8499998
854,284.15
854.5,300.15
855,284.3499998
855.5,295.8500008
856,283.8499998
857,283.65
857.5,296.5499996
858.5,296.4499992
859,285.7500004
859.5,297.9499992
860,285.9500002
860.5,298.0499996
861,282.8499998
861.5,293.9499992
867,286.65
868,287.0499996
868.5,300.9499992
870,287.3499998
870.5,302.9499992
871,284.4500002
871.5,296.8500008
872,284.0499996
874,286.8499998
875,287.0499996
881,286.0499996
882,286.9500002
882.5,298.4499992
883,285.4500002
883.5,297.7500004
884,283.3499998
884.5,297.7500004
885,283.2500004
885.5,297.8500008
886,282.4500002
887,283.2500004
887.5,296.4499992
888,284.0499996
888.5,295.2500004
889,283.9500002
889.5,296.15
892,283.65
892.5,296.9499992
893,282.8499998
893.5,294.9499992
894,281.8499998
894.5,295.9499992
896,284.15
896.5,296.0499996
897,285.7500004
897.5,297.15
898,286.0499996
899,283.5499996
899.5,297.4499992
902,287.0499996
902.5,298.5499996
906,288.7500004
906.5,302.0499996
907,287.0499996
908,288.0499996
908.5,299.3500008
909,286.8499998
909.5,298.2500004
918,281.5499996
919,286.5499996
919.5,301.0499996
920,290.15
921,289.4499992
921.5,303.3500008
922,285.65
922.5,297.65
924,286.4500002
925,287.5499996
928,279.2499999
932,283.65
932.5,294.65
934,285.7500004
934.5,293.65
935,287.0499996
935.5,299.3500008
938,286.5499996
938.5,293.2500004
939,285.0499996
939.5,291.15
944,288.5499996
948,284.7500004
948.5,289.8500008
949,283.2500004
949.5,288.65
951,286.8499998
952,286.0499996
953,283.7500004
953.5,298.7500004
956,284.2500004
956.5,299.4499992
958,286.4500002
959,287.15
959.5,299.7500004
962,287.9500002
962.5,302.65
963,285.65
964,286.65
964.5,300.4499992
965,285.4500002
966,285.65
966.5,299.0499996
967,282.7500004
967.5,297.7500004
968,283.15
970,286.2500004
970.5,301.5499996
971,288.0499996
971.5,301.15
972,286.65
972.5,299.5499996
974,286.5499996
974.5,299.0499996
975,285.2500004
975.5,295.15
976,285.5499996
976.5,294.7500004
977,287.0499996
978,288.2500004
980,289.0499996
980.5,303.15
982,289.65
982.5,301.4499992
983,288.8499998
983.5,302.2500004
985,288.4500002
985.5,297.15
987,290.0499996
987.5,302.7500004
988,289.0499996
988.5,300.2500004
989,287.9500002
989.5,299.65
990,289.7500004
991,289.0499996
991.5,298.4499992
992,288.0499996
992.5,299.7500004
993,288.0499996
993.5,298.2500004
998,288.4500002
998.5,302.15
999,289.65
999.5,302.15
1000,287.65
1000.5,301.3500008
1001,289.8500008
1001.5,297.8500008
1003,284.15
1003.5,299.65
1004,285.0499996
1004.5,297.7500004
1014,290.4499992
1014.5,301.7500004
1020,290.7500004
1020.5,303.65
1081,286.9500002
1081.5,298.2500004
1110,289.9499992
1110.5,303.4499992
1194,289.0499996
1194.5,300.9499992
1348,292.15
1348.5,302.7500004
1442,293.65
1442.5,303.65
1457.5,303.8500008
1551,288.5499996
1565,286.15
1565.5,295.8500008
1566,286.4500002
1742,290.3500008
1920,282.15
2250.5,292.9499992
2277,287.3499998
2277.5,294.5499996
2374,289.3500008
3038,287.15
3038.5,298.5499996
3039,287.65
3039.5,295.7500004
3041.5,295.3500008
3042,286.7500004
3042.5,296.2500004
3043,283.65
3044,286.65
3044.5,296.5499996
3045,287.7500004
3045.5,297.3500008
3046,286.65
3046.5,296.7500004
3048,287.5499996
3048.5,298.9499992
3049,288.15
3049.5,299.15
3050,287.65
3050.5,298.15
3051,286.7500004
3051.5,299.9499992
3052,287.7500004
3053,286.65
3054,287.9500002
3055,286.7500004
3055.5,301.3500008
3056,288.15
3056.5,298.15
3057,289.15
3057.5,296.3500008
3058,284.65
3058.5,295.9499992
3059,282.3499998
3060,286.2500004
3061,287.65
3062,288.15
3063,289.65
3063.5,302.15
3064,289.7500004
3065,284.7500004
3066,283.7500004
3066.5,292.5499996
3067,284.65
3067.5,288.15
3068.5,286.9500002
3069,278.8499998
3070,280.7499999
3071,283.0499996
3072.5,296.5499996
3073,285.65
3073.5,297.5499996
3074,285.15
3074.5,297.3500008
3075,287.3499998
3076,286.15
3076.5,299.3500008
3077,285.65
3078,288.65
3078.5,299.5499996
3079,287.15
3079.5,300.15
3080,286.5499996
3080.5,297.5499996
3081.5,298.3500008
3082,286.15
3082.5,298.3500008
3083,287.0499996
3084,287.15
3084.5,298.15
3085,287.15
3085.5,297.3500008
3086,285.3499998
3087,285.5499996
3087.5,297.3500008
3089,286.65
3089.5,296.5499996
3091,286.15
3091.5,299.5499996
3092.5,296.9499992
3093,285.15
3093.5,297.3500008
3094,285.15
3095,288.15
3096,290.15
3097,291.15
3100,288.0499996
3100.5,295.15
3101,288.15
3101.5,294.15
3102,288.65
3103,290.0499996
3104,288.65
3104.5,302.9499992
3105,288.8499998
3105.5,297.5499996
3106,288.15
3106.5,296.3500008
3107,288.65
3108,287.5499996
3108.5,299.15
3109,285.65
3110,285.65
3110.5,298.3500008
3111,287.2500004
3111.5,298.15
3112,286.65
3112.5,298.5499996
3113,286.0499996
3113.5,298.15
3114,288.15
3115,287.3499998
3115.5,299.3500008
3116,288.65
3118,286.65
3118.5,303.7500004
3119,287.2500004
3120,284.7500004
3121,288.65
3122.5,305.3500008
3123.5,304.3500008
3124,289.65
3124.5,303.5499996
3126,285.15
3127,284.15
3128,286.3499998
3129,286.7500004
3130,288.3499998
3130.5,303.3500008
3131,286.7500004
3131.5,293.5499996
3132,285.7500004
3133,285.3499998
3134,285.65
3135,284.7500004
3136,284.8499998
3137,285.65
3138,288.15
3139,288.7500004
3139.5,304.9499992
3141,288.15
3142,288.15
3143,288.15
3143.5,302.9499992
3144,288.15
3145,293.3500008
3146,290.65
3146.5,305.5500015
3150.5,297.9499992
3156,289.65
3162,292.5499996
3162.5,305.7499985
3163,293.65
3164,292.9499992
3164.5,305.3500008
3165,294.15
3166.5,304.3500008
3167,289.15
3167.5,300.9499992
3168,290.15
3169,290.65
3170,291.15
3171,289.15
3171.5,298.15
3172,291.15
3172.5,298.15
3173,291.9499992
3174.5,303.3500008
3175,287.15
3175.5,294.7500004
3176,288.3499998
3178,288.65
3178.5,301.9499992
3179,287.15
3179.5,293.9499992
3180,288.0499996
3182,290.0499996
3183,288.15
3183.5,301.15
3184,286.15
3184.5,298.9499992
3185,286.15
3186,289.15
3187,290.7500004
3187.5,300.15
3188,291.15
3189,290.65
3189.5,301.15
3190,288.15
3190.5,298.7500004
3191,286.7500004
3191.5,297.3500008
3192,287.65
3193,288.15
3194,286.65
3195,291.3500008
3195.5,302.15
3196.5,303.3500008
3197,291.9499992
3198,292.2500004
3199,292.5499996
3199.5,304.5499996
3200,292.3500008
3200.5,303.15
3201,292.65
3202,293.65
3202.5,302.15
3204,292.65
3205,289.7500004
3205.5,304.9499992
3206.5,298.9499992
3207,290.15
3208,289.15
3209,290.15
3209.5,301.5499996
3210,289.65
3210.5,300.3500008
3211,290.65
3211.5,301.15
3212,290.15
3213,290.65
3214,291.15
3215,290.15
3215.5,301.15
3216.5,299.7500004
3217,290.15
3218,291.3500008
3219,291.8500008
3220,291.65
3221,291.5499996
3221.5,303.15
3222,291.7500004
3223,293.15
3224,293.15
3224.5,305.15
3225,292.3500008
3225.5,303.9499992
3226,291.15
3226.5,302.5499996
3228,292.65
3229,290.15
3229.5,302.7500004
3230,290.3500008
3230.5,297.3500008
3231,289.65
3232,289.3500008
3233,289.65
3233.5,300.5499996
3234,290.7500004
3234.5,301.3500008
3235,292.15
3236,292.15
3236.5,302.15
3237,290.65
3238,289.4499992
3238.5,300.3500008
3239,289.65
3240,291.65
3241,290.65
3242,292.65
3243,292.3500008
3243.5,303.9499992
3244,290.5499996
3244.5,304.15
3245,287.65
3245.5,298.5499996
3246,287.4500002
3247,288.15
3248,290.15
3249,289.0499996
3249.5,296.7500004
3251,288.65
3252,289.15
3253,289.7500004
3254,291.15
3256,291.15
3256.5,303.7500004
3257,291.15
3257.5,303.3500008
3258.5,297.5499996
3259,288.7500004
3260.5,297.5499996
3261,290.15
3261.5,297.3500008
3262,290.4499992
3263,291.15
3263.5,301.7500004
3264,292.15
3265,292.3500008
3266,287.65
3267,293.15
3268,292.7500004
3269.5,303.3500008
3272,292.3500008
3272.5,303.15
3273,289.3500008
3273.5,303.4499992
3274,289.65
3274.5,302.3500008
3281,289.3500008
3281.5,299.9499992
3282,287.7500004
3282.5,299.15
3283,289.15
3284,291.15
3284.5,299.3500008
3285,292.15
3286,291.5499996
3287,292.15
3288,292.65
3288.5,304.5499996
3289,291.3500008
3289.5,305.15
3290,291.3500008
3290.5,303.9499992
3291,290.65
3292,290.2500004
3293,291.15
3294,291.65
3294.5,302.15
3295,290.65
3295.5,301.7500004
3296,291.15
3297.5,301.4499992
3298,287.65
3299,288.15
3300,289.7500004
3301,291.15
3302,289.9499992
3302.5,300.3500008
3303,290.3500008
3304,291.15
3304.5,301.5499996
3305,290.5499996
3306,292.15
3306.5,301.2500004
3307,291.15
3307.5,302.3500008
3308,290.3500008
3308.5,301.9499992
3309,290.15
3310,289.65
3310.5,298.7500004
3315,286.65
3316,287.65
3317,290.3500008
3318,290.3500008
3318.5,300.7500004
3319,288.65
3320,289.15
3321,290.15
3322,292.3500008
3323,292.15
3323.5,301.7500004
3325,290.65
3326,290.65
3327,291.15
3328.5,301.7500004
3329,290.5499996
3329.5,299.5499996
3330,288.7500004
3331,290.15
3331.5,296.5499996
3332,289.7500004
3333,289.5499996
3334,290.0499996
3335,291.15
3336,290.65
3336.5,300.5499996
3337,289.65
3338,288.65
3339,289.65
3340,289.5499996
3341,289.65
3342,289.65
3343,290.65
3344.5,302.0499996
3345,287.15
3345.5,296.7500004
3346,286.7500004
3347,288.15
3348,289.15
3349,291.15
3350,287.65
3350.5,299.5499996
3351,285.15
3351.5,295.9499992
3352,283.65
3353,283.7500004
3353.5,297.3500008
3354,285.3499998
3354.5,294.5499996
3355,285.5499996
3356,284.3499998
3356.5,293.3500008
3357,286.15
3358,284.7500004
3359,285.15
3361,287.65
3361.5,297.3500008
3363,287.15
3364.5,299.9499992
3366,287.3499998
3369,287.65
3370,287.3499998
3370.5,299.5499996
3371,288.15
3372,288.15
3372.5,299.15
3373,288.15
3374.5,300.15
3375,284.5499996
3375.5,297.3500008
3376,284.65
3376.5,290.5499996
3377,285.65
3378,286.15
3379,286.15
3380,288.15
3381,288.7500004
3382,289.15
3383,287.5499996
3383.5,300.15
3384,288.15
3385,288.15
3386,288.15
3386.5,299.15
3387,289.3500008
3389,287.65
3389.5,299.3500008
3390,288.65
3391.5,300.3500008
3392,282.65
3392.5,294.15
3393,285.3499998
3394,285.3499998
3394.5,294.9499992
3395,286.5499996
3396,287.65
3397.5,300.7500004
3398.5,296.15
3399.5,290.7500004
3401,284.3499998
3402,284.3499998
3403,285.7500004
3403.5,292.3500008
3404,286.65
3405,285.15
3406,286.15
3407.5,297.3500008
3408,288.15
3409,286.15
3409.5,295.9499992
3410,283.8499998
3411,284.3499998
3412,284.9500002
3413,282.7500004
3415,284.65
3415.5,294.3500008
3416,284.8499998
3417,284.8499998
3418,284.15
3419,282.4500002
3420,283.15
3421,284.15
3422,283.65
3423,285.15
3424.5,299.15
3426,286.9500002
3426.5,298.3500008
3427,286.3499998
3428,286.7500004
3429,288.15
3431,285.15
3431.5,301.5499996
3432,284.8499998
3433,284.65
3434,285.65
3437,288.15
3437.5,299.7500004
3438,288.3499998
3439,289.65
3439.5,301.7500004
3440,287.15
3440.5,298.7500004
3441,287.65
3442,289.0499996
3444,288.65
3445,288.3499998
3445.5,295.5499996
3446.5,295.5499996
3447,284.65
3449,289.15
3450,288.15
3450.5,300.5499996
3451,287.65
3451.5,298.3500008
3452,287.8499998
3453,288.3499998
3453.5,299.7500004
3454,287.65
3455.5,300.15
3456,287.15
3456.5,299.5499996
3457,285.4500002
3459,287.5499996
3459.5,300.15
3460,287.15
3460.5,295.5499996
3461,285.7500004
3462,286.65
3463,287.65
3463.5,300.9499992
3464,284.5499996
3465,286.3499998
3466.5,302.5499996
3467,283.8499998
3468,284.15
3470,287.5499996
3471,288.9500002
3472.5,304.5499996
3475,288.8499998
3475.5,305.5500015
3476.5,295.9499992
3478,288.15
3479,291.65
3480,289.15
3480.5,305.5500015
3481,289.65
3481.5,302.5499996
3482,288.15
3482.5,296.15
3483.5,292.7500004
3484,283.65
3484.5,290.3500008
3486,284.15
3487,284.8499998
3487.5,294.3500008
3488,286.7500004
3489,286.3499998
3490,284.3499998
3490.5,296.15
3491,284.15
3491.5,297.3500008
3492,284.15
3493.5,296.15
3494,285.15
3494.5,292.3500008
3495,284.7500004
3496,284.3499998
3497,286.15
3497.5,296.7500004
3498,288.7500004
3499.5,303.9499992
3500,290.15
3501,291.65
3502,291.7500004
3502.5,303.15
3503.5,304.5499996
3504,288.15
3504.5,294.3500008
3505.5,294.7500004
3506,284.15
3506.5,292.15
3507,284.65
3508,285.15
3509,287.15
3510,290.15
3511,290.65
3512,291.8500008
3513,290.65
3514,289.15
3514.5,305.5500015
3515,289.15
3516.5,300.15
3518,288.3499998
3519,289.15
3520,289.65
3521,290.65
3522,292.15
3523,290.65
3523.5,304.3500008
3524,293.3500008
3525,290.15
3525.5,306.15
3526,290.15
3527,290.15
3528.5,300.9499992
3529,287.0499996
3529.5,296.9499992
3530,288.15
3532,289.8500008
3532.5,302.15
3533,290.3500008
3534,290.8500008
3535,290.65
3535.5,302.7500004
3537,290.3500008
3538,291.5499996
3538.5,301.5499996
3540,288.15
3541,291.65
3542,288.3499998
3542.5,297.5499996
3543,289.65
3544,292.65
3544.5,303.15
3545.5,301.15
3546,287.7500004
3546.5,299.15
3547,287.9500002
3547.5,296.5499996
3548,286.15
3548.5,294.5499996
3549,285.65
3550,286.7500004
3550.5,295.15
3551,286.7500004
3552,287.8499998
3552.5,296.5499996
3553,287.7500004
3554,289.15
3554.5,297.15
3556,289.15
3557,288.7500004
3557.5,297.9499992
3558,289.15
3559,288.3499998
3560,290.4499992
3561.5,305.15
3562,286.3499998
3562.5,298.3500008
3563,286.65
3563.5,296.3500008
3564,287.15
3565,288.3499998
3566,289.65
3567,290.65
3568,290.0499996
3569.5,303.15
3570.5,301.9499992
3572,288.0499996
3572.5,294.7500004
3573,288.15
3573.5,293.15
3575,288.65
3575.5,293.3500008
3576,289.3500008
3577,290.65
3578,290.15
3578.5,300.3500008
3579,289.65
3579.5,300.5499996
3580,291.5499996
3581,290.9499992
3582,291.65
3582.5,300.5499996
3583,291.65
3583.5,298.15
3584,290.65
3585.5,300.15
3586,290.15
3587,292.15
3588,292.65
3589,291.65
3589.5,301.5499996
3590,290.65
3590.5,302.15
3591,292.15
3592,291.7500004
3592.5,301.5499996
3593.5,301.3500008
3594,288.15
3594.5,298.9499992
3595,283.15
3596,288.65
3597,288.3499998
3598,292.15
3599,291.15
3599.5,302.15
3600,291.9499992
3601,290.7500004
3602,293.15
3603.5,304.15
3604,290.65
3604.5,303.5499996
3605,291.15
3605.5,300.9499992
3606,292.15
3607,292.7500004
3608,292.5499996
3609,293.3500008
3609.5,303.15
3610,293.3500008
3610.5,301.5499996
3611,290.65
3611.5,296.3500008
3612,288.7500004
3612.5,296.3500008
3613,289.5499996
3614,290.65
3615,291.65
3615.5,300.3500008
3616,290.65
3617,291.7500004
3618,292.8500008
3619,293.0499996
3620,291.3500008
3621,291.15
3621.5,303.7500004
3622,291.3500008
3622.5,304.15
3623,291.3500008
3624,292.5499996
3624.5,303.3500008
3625,292.65
3625.5,303.7500004
3626,290.3500008
3626.5,303.7500004
3627,291.5499996
3627.5,303.9499992
3628,292.3500008
3628.5,303.2500004
3629,293.15
3629.5,303.15
3630,292.65
3630.5,303.15
3631,292.65
3631.5,301.7500004
3632,292.65
3632.5,301.5499996
3633,288.65
3633.5,300.9499992
3634,289.65
3635,290.7500004
3636,291.8500008
3636.5,301.15
3637,291.15
3637.5,301.0499996
3638,291.3500008
3638.5,301.3500008
3639,290.8500008
3640,290.65
3641,292.3500008
3641.5,303.5499996
3642,292.4499992
3642.5,302.9499992
3643,290.15
3643.5,303.15
3644,292.15
3644.5,303.5499996
3645,291.15
3645.5,302.9499992
3646,291.15
3646.5,304.15
3647,292.65
3648,293.3500008
3649,293.65
3649.5,304.7500004
3650.5,305.7499985
3651,293.3500008
3651.5,305.7499985
3652.5,305.5500015
3653,292.65
3653.5,304.7500004
3654,293.65
3655,293.15
3655.5,305.5500015
3656,291.0499996
3657,292.65
3657.5,301.3500008
3658,291.65
3658.5,302.3500008
3659,291.3500008
3660,291.15
3661,293.4499992
3661.5,303.15
3662,291.9499992
3663,291.15
3663.5,304.15
3664,290.5499996
3664.5,301.3500008
3665,290.65
3666,291.3500008
3667,289.9499992
3667.5,301.15
3668,288.65
3668.5,300.15
3669,290.15
3670,290.7500004
3670.5,302.5499996
3672,291.15
3672.5,298.5499996
3673,291.15
3673.5,299.5499996
3674,288.3499998
3675,291.65
3676.5,299.3500008
3677,292.2500004
3679,292.3500008
3679.5,300.3500008
3680,290.65
3681,290.15
3681.5,298.9499992
3682,289.15
3683,290.65
3684,291.65
3685,292.15
3685.5,301.9499992
3686.5,300.3500008
3687,290.65
3687.5,301.15
3688.5,298.7500004
3689,289.3500008
3690,289.65
3690.5,301.15
3691.5,300.15
3692,290.15
3692.5,296.15
3693,290.15
3694,290.3500008
3694.5,298.15
3695,287.65
3696,286.65
3696.5,297.9499992
3697,286.65
3698,287.65
3699,288.3499998
3699.5,300.5499996
3700,288.65
3700.5,300.2500004
3701,288.15
3701.5,298.15
3702,287.65
3703,287.4500002
3703.5,299.3500008
3704,288.15
3704.5,299.7500004
3705,289.65
3706,288.65
3706.5,300.15
3707,287.65
3707.5,298.15
3708,288.2500004
3709,287.65
3709.5,299.15
3710,286.65
3710.5,298.2500004
3711,286.9500002
3712,286.5499996
3712.5,295.15
3713,287.2500004
3714,288.15
3716.5,299.7500004
3717,286.3499998
3717.5,297.15
3718,287.15
3719,286.65
3719.5,297.3500008
3720,288.3499998
3721,289.15
3722,288.15
3722.5,299.15
3724,289.65
3724.5,299.5499996
3725.5,297.5499996
3726,285.65
3726.5,297.9499992
3727,286.7500004
3728,286.65
3729,286.3499998
3730,287.65
3730.5,296.3500008
3731,286.9500002
3732,286.15
3732.5,296.7500004
3733,285.3499998
3734,287.3499998
3735,288.15
3737,290.3500008
3738.5,301.3500008
3739,286.65
3739.5,293.9499992
3740,286.8499998
3741,290.15
3741.5,298.9499992
3742,282.65
3742.5,297.7500004
3743,282.7500004
3743.5,294.9499992
3744,280.4500002
3744.5,290.7500004
3745,282.5499996
3746,287.65
3746.5,298.5499996
3747.5,297.15
3748,283.15
3748.5,293.5499996
3749,285.15
3750,285.7500004
3751,288.4500002
3752,282.7500004
3752.5,298.9499992
3753,283.65
3753.5,292.15
3754,282.65
3755,283.3499998
3756,285.15
3757,286.65
3758,286.15
3758.5,298.3500008
3759,284.8499998
3759.5,296.5499996
3760,286.9500002
3761,286.15
3763,285.15
3765,286.9500002
3765.5,298.5499996
3766,288.15
3766.5,298.7500004
3767.5,293.9499992
3768,286.15
3769,286.65
3770,285.3499998
3771,286.65
3772,289.15
3773.5,300.15
3774,287.15
3774.5,296.9499992
3775,286.15
3775.5,295.9499992
3776,286.65
3776.5,294.15
3777,285.65
3778,284.7500004
3779,286.15
3780,287.3499998
3781,288.15
3781.5,298.5499996
3782.5,298.5499996
3783,283.65
3784,285.65
3785.5,296.15
3786,285.65
3788,286.65
3789.5,298.5499996
3790,283.65
3790.5,292.9499992
3791,284.65
3793,285.3499998
3794.5,299.15
3795,286.65
3795.5,294.5499996
3796,287.3499998
3797,288.7500004
3798,289.65
3798.5,299.9499992
3799,287.15
3800,288.15
3800.5,301.7500004
3801,287.7500004
3801.5,296.7500004
3802,287.65
3803.5,297.15
3804,289.3500008
3805.5,297.15
3806,287.15
3806.5,296.3500008
3807,288.15
3808,286.2500004
3808.5,300.9499992
3809,288.2500004
3810,287.65
3811,288.15
3812,285.15
3812.5,301.9499992
3813,284.15
3813.5,295.15
3814,283.65
3815,283.7500004
3816,286.15
3817,285.65
3817.5,296.9499992
3818,286.7500004
3819,288.15
3820,289.65
3820.5,300.0499996
3821,288.65
3821.5,298.3500008
3823,283.3499998
3823.5,294.3500008
3824,284.15
3825,285.9500002
3827,286.65
3827.5,292.3500008
3828,284.65
3829,284.8499998
3830,286.5499996
3831.5,299.15
3832,284.7500004
3832.5,298.15
3833,288.3499998
3834,290.15
3837.5,303.9499992
3838.5,299.9499992
3839,289.15
3840,291.15
3841,290.15
3841.5,302.3500008
3842,290.65
3842.5,301.15
3843,289.3500008
3843.5,300.5499996
3844,288.15
3845,288.65
3846.5,301.15
3847,287.15
3847.5,302.3500008
3848,287.65
3849,288.3499998
3850,288.15
3851,289.15
3852,287.15
3853,290.65
3853.5,304.15
3854,287.7500004
3854.5,297.3500008
3855,289.15
3856,288.65
3856.5,298.5499996
3857.5,293.15
3858,286.15
3859,288.3499998
3860,289.9499992
3861.5,305.5500015
3862,286.5499996
3862.5,299.3500008
3863,284.7500004
3863.5,293.3500008
3865,289.7500004
3866.5,300.5499996
3867,289.15
3868,289.65
3869.5,303.15
3870,290.65
3871.5,293.3500008
3872,286.65
3873,287.65
3874,289.15
3875,285.7500004
3875.5,301.3500008
3876,290.15
3876.5,301.3500008
3878,290.15
3878.5,302.5499996
3879,289.5499996
3879.5,296.5499996
3880,289.7500004
3881,290.9499992
3881.5,301.5499996
3882,289.65
3883,285.15
3883.5,301.5499996
3884,291.3500008
3884.5,301.15
3885,290.65
3886,290.15
3887,291.8500008
3888,290.65
3888.5,302.3500008
3889,290.65
3889.5,300.3500008
3890,290.15
3890.5,295.9499992
3891,290.15
3893,290.0499996
3894,289.65
3894.5,298.9499992
3895,290.3500008
3896,289.3500008
3896.5,301.9499992
3897,291.65
3897.5,301.15
3898,292.15
3898.5,302.3500008
3899,292.65
3900,292.7500004
3900.5,304.15
3901,292.7500004
3902,292.65
3902.5,303.5499996
3903,291.65
3903.5,302.9499992
3904,292.3500008
3904.5,300.5499996
3905,292.15
3906,292.15
3906.5,300.15
3907,292.15
3908,292.65
3909,291.7500004
3909.5,304.5499996
3910,288.65
3910.5,302.5499996
3911,288.3499998
3912,289.7500004
3913,292.7500004
3914,292.65
3915,292.65
3915.5,304.15
3916,293.3500008
3917.5,304.5499996
3918,292.7500004
3918.5,304.5499996
3919,292.15
3919.5,303.5499996
3921,291.65
3922,291.7500004
3922.5,303.5499996
3924,292.7500004
3925,292.65
3926,293.15
3926.5,302.7500004
3927.5,300.7500004
3928,287.15
3928.5,297.15
3929,288.15
3930,290.65
3931,292.5499996
3931.5,298.9499992
3932,292.65
3933,290.3500008
3933.5,299.15
3934,291.65
3935,291.15
3936,293.15
3937,288.65
3937.5,304.0499996
3938,289.65
3939,290.65
3940,291.9499992
3941.5,302.7500004
3944.5,301.3500008
3946,289.15
3947,289.15
3947.5,302.7500004
3948,289.15
3949,290.15
3949.5,302.3500008
3950,290.65
3950.5,302.3500008
3951,291.15
3951.5,303.15
3952,292.15
3953,293.15
3954,291.15
3954.5,300.5499996
3955,292.15
3956,292.15
3957,290.5499996
3958,292.15
3959,290.15
3960,289.15
3960.5,303.5499996
3961,290.15
3962,289.65
3963,291.15
3964,292.15
3965,291.15
3966,289.15
3967,291.15
3967.5,304.7500004
3969.5,303.5499996
3971,291.3500008
3972,293.65
3973,293.7500004
3974,292.3500008
3975,292.15
3976,290.15
3977,290.65
3978,290.0499996
3978.5,302.3500008
3980,291.15
3980.5,301.7500004
3981,292.15
3982,292.5499996
3983,291.65
3984,292.15
3985,292.15
3986,292.15
3987,292.65
3988,292.7500004
3989,292.8500008
3990,292.65
3991,292.15
3992,291.15
3993,293.65
3995,292.65
3995.5,305.9499992
3997,292.7500004
3998,292.15
3999,291.15
4000,293.7500004
4001,293.65
4003.5,305.7499985
4004,290.15
4005,292.15
4006,292.15
4007,292.15
4008,293.15
4009,294.3500008
4010.5,305.5500015
4011,289.8500008
4011.5,299.9499992
4012,289.3500008
4013,289.65
4014,289.65
4014.5,295.5499996
4015,288.3499998
4015.5,302.5499996
4016,289.65
4017,291.15
4018,291.15
4019,290.65
4020,288.5499996
4021,291.65
4022,293.3500008
4023,292.3500008
4023.5,303.5499996
4024,291.65
4025,292.65
4026,292.65
4027,292.3500008
4028,292.15
4029,291.7500004
4029.5,303.3500008
4030,290.65
4031,290.4499992
4032,291.5499996
4033,292.3500008
4034,290.65
4034.5,302.9499992
4035,290.65
4036,292.15
4037,292.15
4038,293.15
4039,292.3500008
4040,293.3500008
4041,293.65
4042,292.65
4043,291.7500004
4044,292.15
4045,291.7500004
4046,290.15
4047,292.5499996
4048,292.7500004
4048.5,300.65
4049,291.7500004
4050.5,299.15
4051,285.65
4052,285.3499998
4053,286.15
4054,285.9500002
4055,286.3499998
4056,287.15
4057,287.7500004
4058,287.3499998
4059,288.7500004
4060,289.15
4061,289.65
4062,289.2500004
4063,290.15
4064,290.15
4065,290.15
4066,290.65
4067,292.15
4068,292.9499992
4068.5,303.7500004
4069,291.9499992
4070,290.7500004
4071,291.7500004
4072,291.15
4072.5,303.2500004
4073,290.15
4074,287.7500004
4074.5,297.3500008
4075,288.4500002
4076,288.15
4077,288.7500004
4078,288.5499996
4079,288.3499998
4080,290.15
4081,289.65
4082,290.9499992
4082.5,301.3500008
4083.5,299.9499992
4084,286.15
4084.5,294.7500004
4085,285.3499998
4086,288.7500004
4088,284.7500004
4090,286.5499996
4091,288.3499998
4091.5,297.15
4092.5,294.5499996
4094,288.5499996
4095,287.15
4095.5,297.3500008
4096,286.7500004
4096.5,295.7500004
4097,287.15
4098,288.15
4101.5,296.5499996
4102,286.7500004
4102.5,293.3500008
4103,287.4500002
4104,287.7500004
4105,287.7500004
4105.5,297.3500008
4106,284.65
4106.5,296.3500008
4107,284.8499998
4107.5,291.0499996
4108,286.3499998
4109,286.15
4110,286.15
4112,282.65
4114,284.3499998
4114.5,295.3500008
4115,284.8499998
4116,285.8499998
4117,283.7500004
4117.5,290.15
4118,281.0500001
4119,282.4500002
4124,286.5499996
4126,288.15
4127.5,300.4499992
4128,287.15
4128.5,297.7500004
4129,286.65
4130,286.8499998
4131,285.65
4132,286.3499998
4133,285.4500002
4134,285.9500002
4137,285.15
4138,286.3499998
4139,286.15
4140,285.7500004
4140.5,295.15
4141,287.15
4143,285.3499998
4145,288.65
4145.5,298.5499996
4146,288.15
4147,288.65
4148,288.15
4149,289.3500008
4149.5,299.15
4150.5,292.3500008
4151,287.15
4152,287.9500002
4152.5,292.9499992
4153,287.65
4154,285.8499998
4154.5,292.3500008
4156,286.7500004
4158,287.5499996
4161,287.9500002
4162,286.7500004
4163,287.3499998
4164,287.65
4166,286.7500004
4167,286.9500002
4168,287.4500002
4168.5,300.65
4169,286.7500004
4170,286.5499996
4170.5,296.3500008
4171,287.15
4172.5,297.7500004
4173,284.15
4174,284.15
4175,285.15
4175.5,299.9499992
4176,285.65
4176.5,298.9499992
4177,285.65
4177.5,294.7500004
4178,285.15
4180,286.65
4180.5,299.5499996
4181.5,294.5499996
4182,280.65
4185,281.65
4186,282.7500004
4187.5,298.15
4188,285.65
4189,286.15
4190,287.65
4191,288.3499998
4192,288.65
4192.5,302.3500008
4193,289.5499996
4193.5,302.5499996
4194,290.15
4194.5,302.3500008
4195,288.15
4195.5,301.7500004
4196,289.65
4196.5,301.3500008
4197,287.65
4197.5,301.0499996
4198,286.7500004
4199,287.15
4200,288.15
4201,289.15
4202.5,302.15
4203,287.15
4203.5,301.3500008
4204,287.15
4205,287.15
4205.5,297.9499992
4206,285.65
4207,285.65
4208,284.65
4209,283.15
4210,287.15
4210.5,298.9499992
4211,287.9500002
4212,288.65
4213,288.5499996
4213.5,302.9499992
4214,288.7500004
4215,288.65
4215.5,301.3500008
4216,285.15
4216.5,296.5499996
4217,285.15
4218,285.3499998
4219,288.65
4220,290.15
4221,290.15
4221.5,302.15
4222.5,300.3500008
4225,289.65
4226,289.15
4227,288.7500004
4228,288.7500004
4228.5,301.3500008
4229,286.3499998
4230.5,302.3500008
4231,286.15
4231.5,295.3500008
4232,287.5499996
4233,289.15
4233.5,301.5499996
4234,290.15
4234.5,299.9499992
4235,289.65
4236,286.3499998
4236.5,300.5499996
4237,284.15
4237.5,294.9499992
4238,284.65
4238.5,293.9499992
4239,283.65
4240,282.7500004
4241,286.3499998
4242,288.65
4243,291.3500008
4244,291.15
4245.5,302.5499996
4246.5,298.7500004
4248,285.65
4249,287.65
4249.5,300.15
4250,289.15
4251,291.15
4251.5,301.5499996
4252,289.15
4252.5,302.15
4253,287.3499998
4253.5,299.15
4254,287.4500002
4254.5,295.3500008
4255,286.15
4256,287.5499996
4257,290.65
4258,290.8500008
4258.5,302.3500008
4259,290.65
4259.5,302.15
4260,289.3500008
4260.5,295.15
4261,288.5499996
4262,288.65
4263,290.3500008
4264,291.65
4264.5,300.15
4265,288.15
4266,289.65
4267,290.65
4267.5,300.3500008
4268,290.65
4269,287.65
4269.5,299.5499996
4270,287.65
4271,286.15
4271.5,292.3500008
4272.5,289.15
4273,285.15
4274,286.3499998
4275,288.3499998
4276,289.65
4277,289.65
4278,291.15
4279,291.3500008
4279.5,303.9499992
4280,290.7500004
4280.5,300.15
4281,291.3500008
4282,291.15
4282.5,300.3500008
4283,291.65
4284,290.8500008
4285,290.65
4285.5,301.7500004
4286,290.15
4287,290.65
4287.5,302.0499996
4288,292.7500004
4289,291.65
4289.5,301.65
4290,292.65
4290.5,300.5499996
4291,292.65
4292,292.7500004
4292.5,303.5499996
4293,292.9499992
4293.5,303.0499996
4294,292.15
4294.5,303.2500004
4295,292.65
4295.5,300.4499992
4296,292.15
4297,292.7500004
4297.5,303.15
4298,290.65
4298.5,300.9499992
4299,290.3500008
4300,291.65
4301.5,304.3500008
4302.5,303.15
4303.5,301.3500008
4304,292.15
4305,292.15
4305.5,301.5499996
4306,291.9499992
4307,291.65
4309,293.65
4310,292.15
4310.5,304.9499992
4311,290.15
4311.5,302.7500004
4312,289.65
4312.5,302.2500004
4315,291.8500008
4315.5,302.5499996
4316,292.15
4316.5,300.8500008
4317,290.65
4318,289.65
4319,290.15
4319.5,299.15
4321,291.7500004
4321.5,302.4499992
4322,291.3500008
4322.5,297.7500004
4323,291.65
4324,292.3500008
4324.5,296.3500008
4325,292.15
4326,291.3500008
4327,291.65
4328,291.65
4328.5,300.3500008
4329,291.3500008
4330,291.5499996
4330.5,302.3500008
4331,292.3500008
4332,292.65
4332.5,299.5499996
4333,292.65
4334,291.5499996
4334.5,299.7500004
4335.5,298.9499992
4336,291.65
4337,293.65
4337.5,302.7500004
4338,293.15
4338.5,303.3500008
4339,292.15
4340,293.15
4340.5,304.8500008
4341,292.15
4341.5,303.65
4342,292.15
4343,290.8500008
4343.5,302.8500008
4344,289.8500008
4345,290.65
4346,292.65
4346.5,303.0499996
4347,292.7500004
4348,294.15
4349,294.15
4350.5,305.4499992
4351,293.15
4351.5,305.4499992
4352,293.3500008
4353,292.3500008
4354,291.3500008
4355,291.15
4356,291.7500004
4357,293.15
4358,291.65
4359,292.15
4361,294.65
4362,291.4499992
4363,292.15
4364,291.65
4365,292.7500004
4366,292.15
4366.5,305.4499992
4367,291.65
4368,290.8500008
4369,290.65
4370,292.65
4371,292.65
4372,292.65
4373,291.65
4374,292.15
4374.5,303.65
4375,292.65
4376,292.15
4377,293.15
4378,291.7500004
4378.5,304.9499992
4379,291.15
4379.5,299.5499996
4380,291.15
4380.5,299.15
4381,290.65
4381.5,296.9499992
4382,290.15
4383,290.65
4383.5,295.15
4384,290.15
4385,290.15
4387,291.15
4388,291.65
4389,291.7500004
4390,292.65
4390.5,300.15
4391,292.3500008
4392,291.8500008
4393,291.7500004
4394,292.15
4394.5,300.9499992
4395,291.65
4396,290.65
4397,291.0499996
4398.5,300.0499996
4399,288.65
4399.5,299.0499996
4400,290.15
4400.5,297.5499996
4401,290.15
4401.5,297.5499996
4402,290.3500008
4403,291.7500004
4404,291.15
4404.5,302.7500004
4405,292.9499992
4405.5,303.3500008
4406,293.15
4406.5,304.2500004
4407.5,303.9499992
4408,292.15
4408.5,303.65
4409,290.5499996
4409.5,301.15
4410,291.15
4411,290.65
4412,290.15
4412.5,302.15
4413,291.15
4413.5,300.7500004
4414,291.65
4415,289.15
4415.5,299.9499992
4416,290.15
4417,288.15
4417.5,298.5499996
4418,289.65
4419,288.65
4419.5,299.7500004
4420,291.15
4421,291.65
4422.5,300.15
4423,291.8500008
4424,292.65
4424.5,301.65
4425,290.15
4425.5,300.4499992
4426,290.65
4426.5,299.7500004
4427,289.15
4427.5,299.5499996
4428,291.15
4429,289.15
4429.5,299.3500008
4430,289.65
4431,290.65
4431.5,298.9499992
4432,290.15
4433,291.15
4433.5,301.4499992
4434,289.15
4434.5,300.7500004
4435.5,298.9499992
4436,288.3499998
4436.5,293.4499992
4437,287.3499998
4438,289.65
4439,290.15
4441,291.15
4441.5,301.5499996
4442.5,300.7500004
4443,288.2500004
4443.5,293.3500008
4444,289.3500008
4445,289.5499996
4446,289.15
4446.5,299.15
4447,287.7500004
4447.5,297.7500004
4448,288.2500004
4448.5,297.7500004
4449,288.7500004
4450,289.3500008
4451,288.7500004
4451.5,296.7500004
4452,288.65
4452.5,295.65
4453,286.7500004
4453.5,294.0499996
4454,286.15
4455,287.5499996
4455.5,295.7500004
4456,284.3499998
4456.5,293.3500008
4457,284.15
4458,285.5499996
4458.5,292.65
4459,286.65
4460,286.15
4461,284.65
4461.5,293.5499996
4462,286.65
4463,286.15
4463.5,296.3500008
4464,286.7500004
4464.5,296.3500008
4465,285.9500002
4466,288.15
4466.5,296.8500008
4467,285.7500004
4467.5,294.3500008
4468,284.65
4468.5,291.5499996
4470,283.65
4470.5,292.9499992
4471,285.65
4472,287.65
4473,288.15
4474.5,297.7500004
4475,281.65
4475.5,294.9499992
4476,280.9500002
4477.5,292.3500008
4478,285.65
4480,284.15
4480.5,295.7500004
4481,284.15
4481.5,292.3500008
4482,283.8499998
4482.5,291.5499996
4483,284.65
4484,284.65
4484.5,294.15
4485,285.3499998
4485.5,292.15
4486,283.65
4488,286.15
4489,286.8499998
4489.5,297.7500004
4490,286.15
4490.5,297.3500008
4492,288.15
4492.5,299.4499992
4493,286.65
4494,287.65
4495,287.15
4495.5,295.5499996
4496,287.65
4497.5,295.7500004
4498,283.65
4498.5,295.15
4499,284.3499998
4499.5,292.5499996
4500,284.9500002
4502,285.9500002
4502.5,298.15
4503,286.9500002
4504.5,298.3500008
4505,283.65
4506,284.65
4507,285.65
4507.5,296.2500004
4510,284.15
4512,285.65
4512.5,297.7500004
4513,284.15
4513.5,296.3500008
4514,286.15
4514.5,297.0499996
4515,285.65
4516,285.8499998
4516.5,298.15
4517.5,297.3500008
4518,287.65
4519,288.15
4520,288.5499996
4520.5,299.7500004
4521,286.3499998
4522,287.65
4522.5,298.5499996
4523,287.15
4523.5,299.7500004
4524,284.8499998
4524.5,294.15
4525,283.8499998
4526,285.65
4526.5,291.7500004
4527,285.15
4528,285.9500002
4528.5,296.3500008
4529,286.65
4530,288.15
4531,287.3499998
4531.5,301.15
4532,288.5499996
4532.5,299.15
4534,290.15
4535,284.15
4535.5,302.3500008
4536,279.7499999
4536.5,295.3500008
4537,283.15
4538,285.5499996
4539,290.15
4540,289.7500004
4540.5,302.9499992
4541.5,302.3500008
4542,287.15
4542.5,297.3500008
4543,285.65
4544,285.7500004
4545,289.15
4546,287.65
4546.5,301.5499996
4547,287.15
4547.5,296.3500008
4549,287.65
4549.5,300.9499992
4550,287.65
4550.5,300.3500008
4551,289.15
4552,285.15
4553,283.65
4553.5,290.15
4554,284.15
4555,287.15
4556,288.65
4556.5,298.7500004
4557,288.15
4557.5,298.3500008
4558,288.15
4558.5,299.15
4559,287.65
4560,288.7500004
4561,289.65
4562.5,304.7500004
4563.5,300.7500004
4564,282.0499996
4566,281.2500004
4567,283.7500004
4568,288.65
4569,287.15
4569.5,304.0499996
4570,288.7500004
4570.5,301.15
4571,290.15
4572,289.65
4573,287.8499998
4573.5,303.4499992
4574,286.65
4574.5,299.8500008
4575,287.15
4576,287.15
4576.5,299.5499996
4577,286.7500004
4577.5,297.9499992
4578,285.3499998
4578.5,292.3500008
4579,284.15
4580,285.65
4580.5,294.7500004
4581,285.15
4583,287.65
4584,287.15
4584.5,302.9499992
4585,287.3499998
4585.5,301.9499992
4586.5,302.15
4587,284.7500004
4587.5,296.9499992
4588,284.2500004
4589,284.7500004
4590,286.3499998
4591,287.4500002
4591.5,301.5499996
4592,289.3500008
4593,291.15
4594.5,306.15
4595,288.9500002
4595.5,306.4499992
4596,287.15
4597,286.3499998
4597.5,296.9499992
4598,287.3499998
4600,288.65
4600.5,302.5499996
4601,289.3500008
4601.5,300.5499996
4602,290.7500004
4602.5,301.15
4603,291.15
4603.5,302.5499996
4604,289.65
4605,290.65
4605.5,299.3500008
4606,291.65
4607,291.65
4608,290.3500008
4609,288.65
4609.5,300.9499992
4610,287.65
4610.5,301.15
4611,284.15
4612,284.65
4612.5,293.5499996
4613,285.15
4614,286.15
4614.5,295.15
4615,287.3499998
4616,287.15
4617,288.65
4618,290.65
4619,292.65
4619.5,301.3500008
4620,291.3500008
4621,290.65
4621.5,305.65
4622,292.15
4622.5,305.15
4623.5,302.15
4624,283.15
4625,283.15
4626,283.2500004
4627,284.9500002
4627.5,296.4499992
4628,285.15
4629,285.65
4630,287.9500002
4630.5,300.9499992
4631,288.3499998
4632,287.3499998
4632.5,300.5499996
4633,288.7500004
4634,291.15
4635,290.65
4635.5,303.9499992
4636,290.15
4636.5,301.9499992
4637,290.15
4638,289.65
4638.5,300.3500008
4640,286.15
4640.5,296.4499992
4641,285.65
4642,285.2500004
4642.5,290.7500004
4643,286.65
4644,288.3499998
4645,289.15
4646.5,300.9499992
4647,288.65
4649,291.15
4649.5,299.5499996
4650,288.3499998
4650.5,297.9499992
4651,288.3499998
4651.5,291.3500008
4652,287.15
4653,289.65
4654,290.15
4655,289.65
4655.5,297.15
4656,287.15
4656.5,295.9499992
4657,288.65
4657.5,294.3500008
4658,289.15
4659,290.9499992
4660,291.15
4660.5,300.3500008
4661,291.15
4662,291.65
4662.5,298.15
4663.5,296.0499996
4664,287.5499996
4665,289.15
4666,291.15
4667,290.65
4667.5,300.9499992
4668,290.65
4668.5,299.7500004
4669,291.3500008
4670,292.15
4671,291.3500008
4671.5,299.9499992
4672,290.15
4672.5,296.5499996
4673,290.65
4674,290.8500008
4675,290.65
4675.5,304.15
4676,290.15
4676.5,302.7500004
4677,293.15
4677.5,301.65
4678,292.65
4679,290.3500008
4679.5,303.7500004
4680,288.5499996
4681,290.15
4682.5,300.7500004
4683,289.15
4684,289.65
4684.5,302.5499996
4685,292.65
4685.5,296.9499992
4686.5,295.3500008
4687,288.15
4688,290.9499992
4690,291.65
4690.5,299.9499992
4691,290.15
4691.5,298.5499996
4692,289.65
4692.5,298.5499996
4693,289.65
4693.5,294.5499996
4694,289.15
4695,289.65
4695.5,297.3500008
4696,290.3500008
4697,291.15
4698,291.4499992
4699,292.3500008
4699.5,301.2500004
4700,293.15
4700.5,301.8500008
4701,291.65
4702,290.65
4703.5,301.8500008
4704,290.5499996
4704.5,300.3500008
4705,290.15
4706,290.15
4706.5,300.9499992
4707,290.65
4707.5,301.65
4708,290.15
4709,291.65
4710,292.3500008
4711.5,302.8500008
4712,289.65
4713.5,298.15
4714,288.15
4716,289.65
4718,290.3500008
4718.5,300.5499996
4719,290.0499996
4721,290.8500008
4721.5,302.3500008
4722,292.9499992
4723,292.15
4724,293.3500008
4724.5,305.3500008
4725,292.65
4725.5,304.9499992
4726,293.15
4726.5,302.65
4727,291.65
4728,289.65
4728.5,300.8500008
4729,290.8500008
4730,290.8500008
4730.5,300.7500004
4731,290.15
4732,289.65
4732.5,299.7500004
4733,289.65
4734,290.65
4734.5,300.5499996
4735,290.65
4736,290.65
4736.5,300.3500008
4737,291.65
4738,291.15
4739,292.65
4739.5,302.0499996
4740,292.3500008
4740.5,302.4499992
4741,291.3500008
4742,292.65
4743,292.65
4743.5,304.65
4744,291.65
4744.5,303.5499996
4745,291.65
4745.5,303.2500004
4746,293.15
4747,293.15
4747.5,305.2499985
4748,292.3500008
4748.5,302.4499992
4749.5,301.5499996
4750,290.15
4751,289.8500008
4751.5,300.9499992
4752,290.15
4753,290.15
4754,289.8500008
4754.5,302.2500004
4755,290.3500008
4756,290.15
4756.5,300.4499992
4757,289.65
4758,290.65
4758.5,301.0499996
4759,291.15
4759.5,300.7500004
4760,291.15
4760.5,301.8500008
4761,290.15
4762,288.2500004
4762.5,298.2500004
4763,289.15
4763.5,296.7500004
4764,289.5499996
4765,289.65
4766,291.7500004
4767,292.15
4767.5,305.15
4768,291.65
4768.5,301.65
4769,292.15
4769.5,302.9499992
4770,291.65
4771,291.65
4772.5,301.2500004
4773,288.7500004
4773.5,301.3500008
4774,288.65
4775,290.65
4775.5,299.9499992
4776,289.15
4777,290.65
4777.5,299.15
4778,291.5499996
4778.5,300.15
4779,291.3500008
4780,291.3500008
4781,291.15
4781.5,302.65
4782,290.65
4783,291.3500008
4783.5,301.15
4784,291.65
4784.5,300.5499996
4785,290.3500008
4786,290.65
4786.5,300.5499996
4787,290.3500008
4787.5,300.4499992
4788,289.15
4789,291.3500008
4790,291.15
4791,290.65
4791.5,303.15
4792,289.7500004
4793,289.15
4794,288.15
4794.5,297.3500008
4795,288.5499996
4796,289.65
4797,289.65
4797.5,299.3500008
4798,288.65
4798.5,295.3500008
4799,289.65
4800,289.65
4800.5,298.15
4801,290.65
4801.5,298.5499996
4802,292.15
4803,290.15
4803.5,299.9499992
4805,289.15
4806.5,298.15
4808,286.15
4809,287.15
4809.5,294.7500004
4810,287.15
4811,288.65
4811.5,295.5499996
4812,286.15
4812.5,295.7500004
4813,287.65
4813.5,295.15
4814,287.3499998
4815,286.7500004
4816,288.9500002
4817,289.15
4817.5,298.15
4818.5,297.9499992
4820,286.65
4820.5,290.0499996
4822,286.15
4822.5,292.5499996
4823,284.65
4824,285.15
4824.5,293.3500008
4838,290.65
4839,289.15
4840,289.8500008
4840.5,299.5499996
4841,290.65
4842,289.8500008
4843,288.65
4844,287.15
4848,286.65
4849,288.3499998
4850,288.7500004
4851,287.4500002
4853,287.15
4854,287.15
4854.5,297.15
4855,288.3499998
4856,290.65
4857,289.65
4858,290.15
4861,286.65
4862,285.9500002
4863,285.65
4864,285.7500004
4865,287.65
4866,287.3499998
4868,287.15
4868.5,298.5499996
4869,287.7500004
4870,286.65
4871,287.15
4872,287.15
4875,284.8499998
4876,282.15
4877,284.65
4878,287.65
4879,282.3499998
4880,285.65
4881,286.65
4881.5,295.7500004
4882,285.3499998
4882.5,292.5499996
4883,285.65
4885.5,290.7500004
4886,282.9500002
4887,285.5499996
4888,285.8499998
4889,288.9500002
4889.5,299.7500004
4890,288.8499998
4890.5,299.5499996
4892,287.15
4892.5,300.7500004
4893,288.65
4894,286.3499998
4894.5,300.7500004
4895.5,297.15
4896,287.5499996
4896.5,297.9499992
4897.5,296.4499992
4898,287.3499998
4898.5,295.15
4899,288.15
4900,287.3499998
4901,286.65
4902,288.15
4902.5,299.4499992
4903,286.3499998
4903.5,297.9499992
4904,283.65
4904.5,293.3500008
4905,284.65
4906,286.15
4906.5,295.7500004
4907,286.65
4908,286.15
4908.5,296.3500008
4909,286.65
4910.5,295.9499992
4911,288.15
4911.5,296.8500008
4912,285.65
4912.5,293.7500004
4913,286.65
4914,286.15
4914.5,292.7500004
4915,285.65
4916,286.15
4917.5,295.5499996
4918,286.5499996
4918.5,294.8500008
4919,284.65
4920,286.15
4920.5,296.15
4921,287.15
4921.5,295.4499992
4922,285.15
4923,287.3499998
4923.5,297.15
4924,287.65
4925,287.15
4925.5,299.2500004
4926,286.9500002
4926.5,297.9499992
4927.5,294.5499996
4928,284.15
4929,284.65
4930,286.9500002
4931,287.7500004
4931.5,300.7500004
4932,286.8499998
4932.5,299.7500004
4933,285.3499998
4934,285.65
4935,289.15
4935.5,301.5499996
4936,289.3500008
4936.5,301.15
4937,290.65
4938,288.7500004
4938.5,303.7500004
4939,290.3500008
4939.5,303.65
4940,290.15
4940.5,304.5499996
4941,290.8500008
4941.5,302.7500004
4942,289.15
4942.5,302.15
4943,288.3499998
4944,288.65
4945,290.3500008
4946,290.7500004
4947,291.7500004
4948.5,306.9499992
4949,289.65
4950.5,301.9499992
4951,285.15
4951.5,293.3500008
4952,285.65
4953,288.15
4954.5,294.9499992
4955,280.2499999
4955.5,290.7500004
4956,279.7499999
4957,281.65
4958,283.15
4958.5,294.65
4959,284.15
4960,286.5499996
4961,286.15
4961.5,301.3500008
4962,289.15
4963,288.7500004
4963.5,301.5499996
4964,288.15
4964.5,301.5499996
4965,287.65
4965.5,300.3500008
4966,288.7500004
4966.5,300.3500008
4967,288.65
4968,289.15
4969.5,302.7500004
4970.5,303.9499992
4971,287.65
4971.5,294.9499992
4972,287.15
4972.5,293.3500008
4973,285.9500002
4974,285.15
4975,287.65
4975.5,299.15
4976,289.65
4977,289.3500008
4977.5,303.5499996
4978,286.65
4978.5,301.15
4979,291.65
4980,291.3500008
4981.5,303.4499992
4982,292.7500004
4982.5,304.15
4984.5,302.3500008
4985,291.15
4986,295.15
4988,292.15
4989,294.7500004
4989.5,307.8500008
4990.5,306.65
4991,290.15
4991.5,303.3500008
4992,289.3500008
4992.5,293.15
4993,289.65
4994,290.15
4995,290.15
4996,290.65
4997,290.15
4997.5,299.9499992
4998.5,299.5499996
4999,289.65
4999.5,294.2500004
5000,290.65
5001,291.15
5002.5,302.3500008
5003,287.65
5003.5,295.15
5004,287.15
5004.5,292.5499996
5005,288.15
5006,285.65
5007,285.8499998
5008,288.15
5009,289.3500008
5009.5,298.7500004
5010,288.7500004
5011,288.3499998
5012,290.3500008
5013,292.0499996
5013.5,304.3500008
5014.5,304.5499996
5015,289.65
5016.5,297.3500008
5017,289.65
5018,289.65
5019,289.8500008
5019.5,301.9499992
5020,289.65
5020.5,298.9499992
5021,289.4499992
5022,291.3500008
5022.5,301.15
5023,292.65
5024,292.15
5024.5,302.3500008
5025,292.15
5025.5,302.15
5026,293.3500008
5027,293.3500008
5028,292.5499996
5028.5,305.3500008
5058,292.15
5058.5,303.0499996
5059,293.15
5059.5,302.3500008
5060.5,298.9499992
5061,290.15
5061.5,295.7500004
5062,289.15
5063,291.15
5064,290.15
5065,290.15
5066,291.65
5067,291.65
5068,291.7500004
5069,291.65
5069.5,302.15
5070,290.65
5070.5,301.2500004
5071.5,299.3500008
5072,289.15
5073,289.15
5073.5,299.15
5074,290.15
5076,294.15
5076.5,301.2500004
5077.5,300.15
5078,289.3500008
5078.5,295.7500004
5079,290.15
5080,291.15
5081,291.65
5081.5,297.3500008
5083,292.65
5083.5,300.9499992
5084,291.4499992
5085,291.3500008
5085.5,303.2500004
5086,290.3500008
5089,291.3500008
5090,293.15
5091,292.65
5091.5,302.9499992
5092,293.15
5092.5,302.9499992
5093,292.15
5094,292.65
5094.5,304.15
5095,293.15
5095.5,303.65
5096,292.65
5096.5,304.0499996
5097,293.65
5098,293.65
5099,293.65
5100,293.15
5101,291.3500008
5102,292.65
5102.5,302.8500008
5103,291.3500008
5104,292.65
5104.5,303.65
5105,290.7500004
5105.5,303.15
5106,291.3500008
5106.5,302.7500004
5107,293.7500004
5108,291.65
5108.5,303.9499992
5109,292.15
5109.5,301.2500004
5110,291.15
5110.5,297.5499996
5111,290.15
5112,291.15
5113,292.15
5114,292.65
5116,293.15
5117,292.9499992
5117.5,303.65
5118,293.65
5118.5,303.65
5119,291.65
5119.5,303.2500004
5120,293.3500008
5121,291.15
5123,292.15
5123.5,305.15
5124,290.65
5125,292.3500008
5126.5,302.15
5127.5,301.7500004
5128,287.65
5128.5,293.65
5129,288.15
5130,289.3500008
5131,292.15
5132,290.3500008
5133,290.15
5135,289.15
5135.5,300.7500004
5136.5,299.15
5137,289.65
5137.5,298.3500008
5138,288.3499998
5138.5,297.9499992
5139,289.15
5139.5,296.7500004
5140,289.65
5141,289.5499996
5142,291.65
5143,291.65
5143.5,300.8500008
5144,291.15
5144.5,299.9499992
5145,292.15
5145.5,297.3500008
5146,292.15
5147,292.65
5147.5,302.0499996
5148,291.15
5148.5,300.0499996
5149,289.65
5149.5,295.9499992
5150,289.7500004
5151,289.65
5152,290.3500008
5153,290.4499992
5154.5,298.9499992
5155,287.65
5156,289.9499992
5157,287.3499998
5157.5,300.4499992
5158,286.65
5158.5,296.3500008
5159,288.15
5160,287.15
5160.5,295.9499992
5161,286.3499998
5161.5,295.3500008
5162,286.15
5163,285.65
5163.5,295.5499996
5164,286.3499998
5165,288.15
5166,285.65
5167,286.65
5168,287.65
5168.5,297.15
5169,287.15
5169.5,297.2500004
5170,288.0499996
5171,280.5500001
5171.5,299.5499996
5172,280.8499998
5172.5,298.9499992
5173,281.0500001
5176,278.8499998
5176.5,301.9499992
5177,281.15
5178,281.0500001
5178.5,296.65
5179,280.65
5180,280.7499999
5180.5,296.5499996
5181,281.0500001
5182,280.7499999
5183,280.7499999
5184,280.9500002
5185,280.7499999
5185.5,299.5499996
5186,280.65
5186.5,299.9499992
5187,280.9500002
5187.5,300.2500004
5188,282.8499998
5188.5,293.4499992
5189,282.5499996
5189.5,292.15
5190,282.0499996
5191,281.7500004
5191.5,298.15
5192,281.3499998
5192.5,297.2500004
5193,281.5499996
5193.5,294.9499992
5194,281.4500002
5194.5,293.7500004
5195,282.3499998
5195.5,292.65
5196,282.15
5197,281.2500004
5197.5,293.5499996
5198,282.2500004
5200,281.5499996
5201,281.2500004
5201.5,293.65
5202,282.3499998
5203,282.2500004
5204,281.65
5204.5,297.9499992
5205,286.65
5206,282.2500004
5207,281.65
5208,282.15
5209,281.7500004
5210,281.65
5211,281.9500002
5212,281.15
5213,281.0500001
5213.5,297.9499992
5214,280.65
5214.5,298.5499996
5215,281.7500004
5215.5,298.5499996
5216,281.3499998
5216.5,296.5499996
5217,281.9500002
5217.5,294.9499992
5218,288.15
5219,281.65
5220,281.15
5221,281.8499998
5222,281.15
5222.5,298.15
5223,281.7500004
5224,281.3499998
5224.5,297.15
5225,282.65
5226,282.7500004
5227,286.9500002
5228,281.65
5229,281.65
5229.5,298.15
5230,282.0499996
5231,290.15
5232,281.3499998
5232.5,297.7500004
5233,282.2500004
5233.5,297.5499996
5234,282.4500002
5234.5,291.7500004
5235,281.9500002
5236,280.9500002
5237,280.2499999
5238,280.2499999
5239,278.4500002
5239.5,298.15
5240,280.0500001
5240.5,295.7500004
5241,282.8499998
5241.5,290.9499992
5242,281.7500004
5243,280.7499999
5244,281.15
5245,281.2500004
5246,280.2499999
5247,280.8499998
5247.5,298.5499996
5248,281.2500004
5248.5,297.15
5249,281.2500004
5250,280.7499999
5250.5,298.15
5251,280.15
5251.5,299.15
5252,281.15
5253.5,301.9499992
5254,279.9500002
5254.5,301.5499996
5255.5,291.7500004
5256,281.3499998
5256.5,286.15
5257,282.65
5258,281.0500001
5259,281.0500001
5260,281.15
5260.5,295.3500008
5261,281.65
5262,281.5499996
5263,280.5500001
5264,279.0500001
5265.5,300.7500004
5266.5,301.5499996
5267,277.15
5267.5,301.3500008
5268,281.0500001
5269,280.2499999
5269.5,298.3500008
5270,280.9500002
5271,279.65
5272,279.5500001
5272.5,299.15
5273,279.65
5274,279.9500002
5274.5,300.3500008
5275,281.7500004
5276,279.7499999
5276.5,299.5499996
5277,281.0500001
5277.5,299.7500004
5278,281.8499998
5279,281.3499998
5280,281.3499998
5280.5,294.7500004
5281,281.5499996
5282,280.5500001
5282.5,293.15
5284,281.4500002
5285,289.15
5286.5,300.9499992
5287.5,300.2500004
5289,279.4500002
5289.5,302.0499996
5290,280.7499999
5290.5,300.5499996
5291,280.4500002
5292,280.2499999
5293,279.9500002
5294,279.9500002
5295,278.9500002
5296.5,300.3500008
5297,279.65
5297.5,301.8500008
5298,282.5499996
5299,282.65
5300,281.65
5301,280.9500002
5302,279.9500002
5302.5,297.8500008
5303,280.3499998
5303.5,298.15
5304,281.3499998
5304.5,296.9499992
5305,279.9500002
5306,279.2499999
5307,279.2499999
5309.5,301.9499992
5310,278.8499998
5310.5,301.2500004
5311,280.65
5311.5,298.2500004
5312,281.7500004
5313,281.4500002
5316.5,305.3500008
5317,291.15
5318,282.65
5318.5,298.0499996
5319,281.9500002
5320,280.3499998
5321,280.65
5322,281.2500004
5322.5,295.7500004
5323,282.65
5324,281.8499998
5325,281.0500001
5325.5,298.9499992
5326,282.4500002
5327,281.65
5327.5,298.8500008
5328,282.7500004
5328.5,294.4499992
5329,281.65
5329.5,295.5499996
5330,279.9500002
5330.5,293.9499992
5331,281.9500002
5332,281.9500002
5333,281.7500004
5334,279.7499999
5335,279.15
5335.5,295.7500004
5336,280.3499998
5339,280.3499998
5339.5,301.3500008
5340,282.15
5341,281.7500004
5341.5,296.5499996
5342,281.4500002
5343,281.0500001
5345.5,304.2500004
5346,281.65
5347.5,302.5499996
5348.5,302.2500004
5349,280.9500002
5349.5,300.5499996
5351,279.65
5351.5,304.5499996
5352,280.4500002
5352.5,295.15
5353,281.7500004
5353.5,292.7500004
5354,282.15
5354.5,292.5499996
5355,282.65
5355.5,291.8500008
5356,282.2500004
5357,280.65
5359,280.2499999
5359.5,300.8500008
5360,281.5499996
5360.5,297.9499992
5361,282.3499998
5361.5,290.4499992
5362,283.0499996
5363,281.7500004
5364,280.8499998
5367.5,307.15
5368,279.8499998
5369,279.8499998
5369.5,298.7500004
5370,280.8499998
5371,279.3499998
5371.5,301.9499992
5372,282.4500002
5372.5,296.5499996
5373,282.3499998
5376.5,303.0499996
5377,280.65
5377.5,302.2500004
5378,282.8499998
5378.5,294.7500004
5379,283.0499996
5380,283.0499996
5381,282.9500002
5382,282.0499996
5384,280.5500001
5384.5,302.15
5385,282.3499998
5385.5,299.5499996
5386,282.5499996
5386.5,297.7500004
5387,282.9500002
5388.5,303.9499992
5389.5,303.5499996
5390,281.7500004
5390.5,304.5499996
5391,281.65
5391.5,300.5499996
5392,281.3499998
5393,281.8499998
5395,281.4500002
5395.5,304.2500004
5396,282.9500002
5396.5,297.5499996
5397,282.7500004
5398,282.2500004
5399,282.15
5400,282.15
5400.5,300.2500004
5401,283.0499996
5401.5,299.65
5402,282.3499998
5403,281.8499998
5404,281.65
5405,281.3499998
5405.5,300.4499992
5406,281.8499998
5406.5,298.7500004
5407,283.0499996
5407.5,296.3500008
5408,282.9500002
5409,282.2500004
5409.5,301.7500004
5412.5,303.9499992
5414.5,302.8500008
5417.5,305.8500008
5419.5,305.3500008
5420.5,305.2499985
5421.5,302.7500004
5422.5,300.5499996
5425.5,302.8500008
5428.5,304.9499992
5429.5,304.2500004
5431.5,305.15
5432,281.15
5432.5,304.65
5433,281.9500002
5433.5,300.65
5434,280.8499998
5438.5,305.15
5439.5,304.8500008
5441.5,304.15
5442.5,304.2500004
5443.5,303.2500004
5444.5,302.8500008
5445.5,302.5499996
5447.5,304.2500004
5450.5,304.3500008
5451.5,304.0499996
5452.5,303.0499996
5454.5,303.65
5455.5,304.15
5457.5,304.4499992
5458.5,302.4499992
5461.5,304.8500008
5462.5,299.5499996
5463.5,298.7500004
5464,282.9500002
5467.5,301.9499992
5468.5,302.15
5470.5,302.5499996
5471.5,302.65
5472.5,303.4499992
5474.5,305.2499985
5475.5,303.65
5476.5,301.8500008
5477.5,300.9499992
5479.5,300.4499992
5480.5,301.0499996
5481,282.2500004
5482.5,300.65
5483,282.7500004
5484.5,301.15
5485.5,301.9499992
5487.5,303.2500004
5488.5,301.65
5489.5,302.4499992
5490.5,303.0499996
5491,291.15
5492.5,303.4499992
5493.5,302.9499992
5496.5,304.7500004
5497,282.15
5497.5,302.0499996
5498,289.15
5499,281.4500002
5500,281.7500004
5501,282.0499996
5502,291.15
5503,281.0500001
5503.5,298.3500008
5504,281.2500004
5505,291.15
5506,282.0499996
5506.5,302.0499996
5507,282.3499998
5508,281.9500002
5508.5,300.2500004
5509,282.2500004
5510,282.65
5511,280.8499998
5512,280.5500001
5513.5,302.8500008
5514,281.15
5515.5,302.4499992
5516,281.3499998
5516.5,302.4499992
5517,280.8499998
5517.5,300.8500008
5519,281.4500002
5519.5,301.8500008
5520,282.4500002
5520.5,296.8500008
5521,282.5499996
5521.5,294.9499992
5522,282.5499996
5523,282.0499996
5524,280.8499998
5524.5,301.4499992
5525,281.5499996
5526,281.7500004
5526.5,302.65
5527,281.4500002
5528,281.2500004
5529,282.65
5529.5,299.9499992
5530,282.4500002
5530.5,294.7500004
5531,281.5499996
5532,280.4500002
5533,281.2500004
5533.5,294.65
5534,281.2500004
5534.5,294.15
5535,278.9500002
5536,280.0500001
5537,279.8499998
5538,279.0500001
5538.5,298.7500004
5539,280.7499999
5540,280.5500001
5541,280.0500001
5541.5,299.3500008
5542,279.7499999
5543,280.3499998
5544,280.8499998
5544.5,300.5499996
5545,281.15
5545.5,299.9499992
5546,281.2500004
5546.5,293.7500004
5547,280.3499998
5548,279.8499998
5549,279.7499999
5550,279.7499999
5551,280.15
5552,280.5500001
5552.5,298.5499996
5553,280.3499998
5553.5,297.3500008
5554,281.7500004
5555,281.5499996
5556,281.0500001
5556.5,297.7500004
5557,280.5500001
5558,280.0500001
5559,281.15
5559.5,302.2500004
5560,282.4500002
5561,282.3499998
5562,282.8499998
5563,280.65
5564,282.15
5565,281.8499998
5566,280.9500002
5567,279.9500002
5568,281.2500004
5569,281.8499998
5570,281.5499996
5571,281.5499996
5572,281.2500004
5573,281.0500001
5574,280.3499998
5575,279.7499999
5576,280.9500002
5577,282.4500002
5578,281.3499998
5579,281.0500001
5580,282.0499996
5581,281.0500001
5582,281.15
5583,281.15
5584,281.0500001
5585,281.8499998
5586,282.15
5587,282.4500002
5588,282.3499998
5589,281.8499998
5590,281.7500004
5591,281.15
5592,286.3499998
5593,280.65
5594,280.0500001
5595,280.4500002
5596,280.4500002
5597,281.0500001
5598,280.0500001
5599,280.0500001
5600,281.4500002
5601,280.7499999
5602,280.8499998
5603,281.15
5604,280.5500001
5605,287.65
5606,281.8499998
5607,282.5499996
5608,282.4500002
5609,281.8499998
5610,281.5499996
5611,280.9500002
5612,280.7499999
5613,280.8499998
5614,280.5500001
5615,279.5500001
5616,281.5499996
5617,281.4500002
5618,281.3499998
5619,280.15
5620,280.2499999
5621,280.2499999
5622,282.65
5622.5,291.15
5623,282.5499996
5623.5,289.9499992
5624,282.5499996
5625,282.5499996
5626,282.0499996
5627,280.2499999
5628,280.9500002
5629,280.9500002
5632,277.4500002
5632.5,301.7500004
5633,280.9500002
5634,279.2499999
5635,279.65
5636,279.8499998
5636.5,296.7500004
5637,281.7500004
5638,280.2499999
5640.5,300.15
5641,280.4500002
5641.5,299.7500004
5642,282.4500002
5643,281.8499998
5644,281.65
5645,282.0499996
5646,280.4500002
5646.5,297.7500004
5647,281.3499998
5647.5,297.15
5648,280.5500001
5649,279.15
5650.5,301.15
5651.5,301.0499996
5654.5,302.3500008
5655,280.9500002
5655.5,300.15
5656,282.8499998
5657,282.5499996
5658,282.4500002
5659,281.15
5660,289.65
5661.5,302.5499996
5662,280.5500001
5662.5,301.3500008
5663,280.4500002
5663.5,299.7500004
5664,279.3499998
5664.5,296.9499992
5665,280.4500002
5666,286.9500002
5667,280.3499998
5668,279.65
5670.5,303.0499996
5671,278.7499999
5671.5,302.15
5672,278.9500002
5672.5,300.3500008
5675,279.8499998
5675.5,304.7500004
5677,281.0500001
5679,280.65
5679.5,301.9499992
5680,282.15
5680.5,296.7500004
5681,280.2499999
5683.5,301.2500004
5684.5,301.7500004
5686.5,304.4499992
5688.5,305.2499985
5689,281.5499996
5689.5,307.3500008
5690,281.15
5690.5,302.9499992
5691,280.4500002
5691.5,296.65
5692,279.7499999
5692.5,294.3500008
5693,279.4500002
5694,278.2499999
5694.5,294.5499996
5695,282.15
5695.5,295.3500008
5696,278.9500002
5700.5,306.4499992
5701.5,307.5500015
5703.5,309.4499992
5704.5,304.7500004
5706.5,307.5500015
5707.5,308.15
5708,278.8499998
5708.5,309.7499985
5709,281.3499998
5709.5,299.3500008
5710,282.4500002
5711,281.4500002
5712,279.4500002
5713,279.2499999
5713.5,302.15
5714,281.15
5714.5,297.15
5715,282.0499996
5716,280.7499999
5717,279.8499998
5718,279.8499998
5718.5,301.8500008
5720.5,303.8500008
5722.5,304.9499992
5725,280.5500001
5725.5,305.65
5726,282.0499996
5728,280.0500001
5728.5,304.3500008
5729,281.4500002
5730,280.8499998
5731,280.8499998
5732,281.5499996
5732.5,301.0499996
5733,281.7500004
5733.5,300.5499996
5734,281.7500004
5734.5,297.15
5735,282.4500002
5736,280.5500001
5737,279.65
5737.5,298.5499996
5742,280.15
5742.5,304.0499996
5743,282.15
5743.5,299.7500004
5744,282.5499996
5745,281.7500004
5746,282.2500004
5747,282.65
5747.5,299.4499992
5748,282.2500004
5748.5,294.7500004
5749,282.4500002
5750,281.7500004
5750.5,296.5499996
5751,281.8499998
5754,280.8499998
5754.5,304.0499996
5755,282.65
5756,281.9500002
5757,280.3499998
5759.5,302.9499992
5762.5,303.7500004
5763,281.8499998
5763.5,299.15
5764,282.0499996
5764.5,299.3500008
5765,281.15
5768.5,303.2500004
5769.5,302.8500008
5770,281.5499996
5772,281.15
5772.5,304.15
5773,282.2500004
5779.5,307.3500008
5780.5,306.15
5782.5,306.7499985
5783.5,305.3500008
5784.5,305.5500015
5785,281.2500004
5785.5,304.15
5786,281.4500002
5786.5,302.3500008
5789,291.65
5793.5,306.9499992
5794.5,306.15
5795.5,305.4499992
5799.5,306.9499992
5802.5,307.2499985
5803,280.65
5803.5,304.0499996
5804,281.3499998
5804.5,302.2500004
5805,281.9500002
5808.5,304.5499996
5810.5,305.15
5812.5,303.7500004
5813.5,301.9499992
5814.5,300.9499992
5815.5,301.3500008
5816.5,299.9499992
5817.5,296.3500008
5819.5,301.4499992
5820.5,300.0499996
5822.5,302.5499996
5825.5,306.7499985
5826.5,305.7499985
5827.5,302.9499992
5828.5,302.15
5829.5,300.9499992
5832.5,303.15
5833.5,302.4499992
5835.5,302.5499996
5836.5,303.3500008
5838.5,304.3500008
5839.5,303.3500008
5840.5,301.15
5841.5,301.15
5842.5,299.8500008
5844.5,303.3500008
5845.5,303.9499992
5846.5,303.4499992
5847.5,302.3500008
5848.5,301.9499992
5849.5,298.15
5850.5,297.3500008
5852.5,300.9499992
5853,292.15
5854.5,302.5499996
5856.5,303.2500004
5857,281.65
5858,281.0500001
5858.5,298.7500004
5859,281.5499996
5859.5,299.5499996
5860.5,299.9499992
5861,282.2500004
5861.5,298.15
5862,281.7500004
5862.5,298.5499996
5863,282.5499996
5864,282.15
5866.5,302.65
5867,280.5500001
5868,281.15
5868.5,303.3500008
5869,281.3499998
5869.5,304.9499992
5870,282.4500002
5871,281.7500004
5871.5,302.2500004
5872,282.2500004
5872.5,299.15
5873,281.5499996
5874,281.15
5875,280.5500001
5875.5,299.9499992
5876,281.5499996
5877,281.4500002
5877.5,303.3500008
5878,282.0499996
5878.5,294.7500004
5879,281.7500004
5880,281.5499996
5881,280.9500002
5882,280.15
5883,280.5500001
5883.5,299.9499992
5884,280.9500002
5884.5,300.15
5885,280.2499999
5885.5,300.15
5886.5,302.15
5887,280.7499999
5887.5,301.15
5888,281.15
5888.5,300.4499992
5891.5,302.15
5892,281.8499998
5892.5,302.4499992
5893,282.3499998
5893.5,296.5499996
5894,282.5499996
5895,282.15
5895.5,298.7500004
5896,281.65
5896.5,296.3500008
5897,281.3499998
5897.5,296.3500008
5898,281.9500002
5899,281.15
5899.5,298.3500008
5900,281.65
5900.5,296.5499996
5901,281.5499996
5901.5,295.15
5902,281.9500002
5903,281.3499998
5904,281.3499998
5905,281.0500001
5905.5,299.0499996
5906,282.65
5906.5,293.5499996
5907,282.9500002
5908,282.0499996
5908.5,293.65
5909,282.3499998
5910,281.4500002
5911,281.5499996
5912,281.3499998
5913,280.65
5913.5,297.7500004
5914,282.0499996
5914.5,294.65
5915,281.9500002
5916,280.2499999
5916.5,293.65
5917,282.5499996
5918,281.4500002
5918.5,296.15
5919,282.4500002
5920,282.2500004
5920.5,293.9499992
5921,282.15
5921.5,293.15
5922,282.0499996
5922.5,292.9499992
5923,281.9500002
5924,281.3499998
5925,280.3499998
5925.5,299.9499992
5926,280.3499998
5926.5,300.5499996
5927,280.7499999
5927.5,299.5499996
5928,280.5500001
5929,280.2499999
5929.5,300.3500008
5930,281.4500002
5931,281.8499998
5931.5,297.9499992
5932,282.3499998
5932.5,295.7500004
5933,282.65
5933.5,293.15
5934,282.4500002
5934.5,291.9499992
5935,282.4500002
5936,280.7499999
5936.5,297.3500008
5937,281.8499998
5938,280.65
5939,280.65
5939.5,298.3500008
5940,279.7499999
5940.5,299.15
5941,279.2499999
5942,280.5500001
5942.5,299.15
5943.5,299.7500004
5944,280.65
5944.5,299.5499996
5945,280.7499999
5947,280.8499998
5947.5,301.15
5948,282.8499998
5949,282.5499996
5950,281.4500002
5950.5,299.2500004
5951,282.2500004
5951.5,292.4499992
5952,281.8499998
5953,281.5499996
5954,281.2500004
5955,280.9500002
5955.5,297.4499992
5956,282.0499996
5956.5,294.9499992
5957,282.15
5958,280.9500002
5959,280.9500002
5960,281.3499998
5960.5,293.7500004
5961,281.15
5962,280.8499998
5963,282.0499996
5963.5,296.7500004
5964,281.8499998
5964.5,296.3500008
5965,280.9500002
5966,280.9500002
5966.5,299.7500004
5967,281.9500002
5967.5,291.3500008
5968,282.5499996
5969,282.5499996
5970,281.9500002
5971,281.5499996
5972,280.4500002
5972.5,299.9499992
5973,280.7499999
5974,279.5500001
5974.5,299.9499992
5975,279.5500001
5975.5,299.2500004
5976,280.15
5976.5,298.9499992
5977,280.15
5977.5,296.7500004
5978,288.15
5979,280.5500001
5979.5,295.9499992
5980,280.0500001
5981,279.9500002
5981.5,297.3500008
5982,279.7499999
5983,280.2499999
5983.5,299.7500004
5984,282.7500004
5985,282.0499996
5986,281.15
5986.5,296.2500004
5988,281.4500002
5989,281.2500004
5990,280.7499999
5991,280.9500002
5992,280.15
5992.5,298.5499996
5993,279.3499998
5993.5,297.8500008
5994,279.8499998
5994.5,298.15
5995,279.5500001
5996.5,301.0499996
5997,278.5500001
5997.5,299.7500004
5998.5,298.9499992
5999,278.5500001
5999.5,299.15
6000,278.9500002
6000.5,299.9499992
6001,280.7499999
6001.5,296.8500008
6002,281.4500002
6003,281.3499998
6004,280.4500002
6005,280.15
6006,280.2499999
6006.5,296.4499992
6007,281.15
6008,280.15
6009,279.3499998
6009.5,298.7500004
6010,280.5500001
6010.5,297.9499992
6011,280.4500002
6012,280.2499999
6012.5,299.8500008
6013,280.3499998
6014,280.7499999
6014.5,293.5499996
6015,281.8499998
6016,280.4500002
6016.5,299.15
6017,281.0500001
6017.5,297.5499996
6018,282.4500002
6019,281.4500002
6020,281.8499998
6020.5,298.15
6021,280.7499999
6022,282.15
6025,279.3499998
6025.5,304.0499996
6026,281.5499996
6027,281.3499998
6028,281.0500001
6028.5,300.7500004
6029,282.5499996
6029.5,292.5499996
6030,282.9500002
6031,282.65
6032,282.15
6032.5,297.15
6033,282.4500002
6033.5,293.2500004
6034,282.8499998
6035,282.9500002
6035.5,291.3500008
6036,283.0499996
6036.5,290.15
6037,283.0499996
6038,283.0499996
6039,282.3499998
6044.5,303.9499992
6049.5,308.4499992
6050.5,301.7500004
6051.5,302.5499996
6052,280.15
6052.5,299.7500004
6053,281.7500004
6054,280.8499998
6055,281.0500001
6055.5,301.8500008
6056.5,301.65
6057.5,301.5499996
6058,281.9500002
6059,281.7500004
6059.5,297.8500008
6060,281.7500004
6061,280.9500002
6064.5,303.7500004
6065.5,304.15
6070.5,308.7499985
6071,280.65
6071.5,305.0499996
6072,281.2500004
6072.5,296.5499996
6073,282.4500002
6075.5,306.5500015
6076,281.0500001
6076.5,304.3500008
6077,281.3499998
6077.5,300.7500004
6078,281.4500002
6079,281.5499996
6080,281.5499996
6080.5,298.7500004
6081,282.15
6081.5,297.2500004
6082,282.65
6082.5,298.15
6083,281.3499998
6084,280.9500002
6086.5,303.5499996
6087.5,302.2500004
6089.5,304.7500004
6090.5,304.4499992
6091,281.65
6091.5,303.3500008
6092,282.2500004
6092.5,300.9499992
6093,282.5499996
6093.5,298.9499992
6095.5,303.4499992
6097.5,306.15
6099.5,306.0500015
6100,281.8499998
6100.5,304.15
6102,282.8499998
6104,292.65
6105,282.2500004
6105.5,299.9499992
6106,282.0499996
6106.5,299.15
6107,281.8499998
6107.5,296.7500004
6108,282.5499996
6109,280.4500002
6109.5,301.9499992
6110,282.2500004
6111,281.5499996
6111.5,299.9499992
6112,281.3499998
6113,281.5499996
6114,282.5499996
6114.5,303.65
6115,290.65
6116,282.4500002
6117,282.3499998
6117.5,300.15
6118,282.4500002
6118.5,299.9499992
6119,282.4500002
6120,281.8499998
6120.5,303.3500008
6121,281.65
6121.5,302.7500004
6122,282.65
6122.5,299.15
6123,282.3499998
6124,282.4500002
6125,281.0500001
6125.5,301.7500004
6130.5,305.3500008
6133,292.4499992
6134.5,305.3500008
6135,281.5499996
6135.5,302.3500008
6137.5,303.15
6139.5,303.7500004
6140.5,304.8500008
6141.5,304.7500004
6143.5,303.7500004
6144,280.4500002
6144.5,302.15
6146.5,304.8500008
6147,281.2500004
6147.5,305.15
6148,281.9500002
6148.5,302.7500004
6149,282.4500002
6150,281.8499998
6153.5,303.5499996
6154,294.3500008
6156.5,303.65
6157,281.7500004
6157.5,302.15
6158,282.9500002
6158.5,298.5499996
6159,282.3499998
6160,282.3499998
6160.5,300.7500004
6161,282.9500002
6161.5,300.15
6162,283.0499996
6162.5,294.9499992
6163,283.0499996
6164,283.0499996
6164.5,293.3500008
6165,282.8499998
6166,282.9500002
6166.5,295.3500008
6167,282.0499996
6168,281.8499998
6169,281.0500001
6172.5,304.5499996
6173,280.65
6173.5,303.9499992
6174,282.3499998
6174.5,301.15
6179.5,305.15
6183.5,303.9499992
6187.5,306.9499992
6188.5,303.15
6191.5,304.8500008
6192.5,302.4499992
6193.5,303.5499996
6194.5,304.7500004
6195.5,303.5499996
6196,293.8500008
6198.5,302.7500004
6199.5,302.9499992
6200.5,303.9499992
6201.5,303.15
6202.5,303.3500008
6205.5,305.5500015
6206,282.5499996
6206.5,299.2500004
6207,283.0499996
6208,282.0499996
6208.5,299.4499992
6209.5,298.5499996
6210,282.4500002
6211,292.8500008
6212.5,302.15
6214.5,302.7500004
6216.5,302.5499996
6217.5,299.7500004
6218,282.4500002
6218.5,299.5499996
6219,282.4500002
6221,282.3499998
6221.5,301.9499992
6223,282.15
6224,281.65
6224.5,303.15
6225,282.2500004
6225.5,302.15
6226,290.8500008
6229,281.5499996
6229.5,303.3500008
6230,282.2500004
6230.5,302.3500008
6231,282.0499996
6231.5,301.15
6233,291.7500004
6234.5,303.15
6235,282.15
6235.5,303.3500008
6237.5,303.15
6238,281.7500004
6238.5,301.3500008
6240,281.3499998
6241,281.15
6241.5,302.15
6242,280.9500002
6242.5,299.9499992
6243,280.5500001
6244.5,302.15
6245.5,303.9499992
6246.5,303.5499996
6247.5,304.5499996
6248.5,303.15
6249.5,302.9499992
6260.5,302.15
6261.5,302.5499996
6263.5,302.7500004
6264,281.65
6264.5,300.9499992
6265,282.5499996
6265.5,293.15
6266,283.0499996
6267,282.65
6268,284.15
6269,285.7500004
6270,286.5499996
6275,281.5499996
6276,281.5499996
6277,280.5500001
6277.5,301.15
6278,281.2500004
6278.5,298.7500004
6279,282.0499996
6279.5,296.3500008
6280,282.15
6280.5,292.9499992
6281,281.65
6282,287.8499998
6283,280.4500002
6284,281.15
6284.5,300.9499992
6285,282.65
6285.5,295.9499992
6286,282.9500002
6287,282.5499996
6288,281.3499998
6289,281.0500001
6289.5,300.9499992
6290,280.9500002
6290.5,299.7500004
6291,281.3499998
6291.5,293.5499996
6292,281.3499998
6293,281.9500002
6294,281.7500004
6294.5,294.3500008
6295,281.5499996
6296,280.7499999
6297,281.0500001
6297.5,300.5499996
6298,280.7499999
6299,281.5499996
6299.5,300.2500004
6300,281.65
6300.5,297.3500008
6301,282.65
6302,281.2500004
6302.5,299.3500008
6303,281.9500002
6303.5,300.5499996
6304,280.65
6304.5,300.9499992
6305,282.8499998
6305.5,295.5499996
6306,282.65
6307,281.7500004
6307.5,291.3500008
6308,282.65
6309,279.9500002
6309.5,290.7500004
6310,280.3499998
6311,280.15
6312,280.15
6313,281.15
6314,280.8499998
6315,280.65
6316,280.7499999
6316.5,298.7500004
6317,281.3499998
6317.5,295.9499992
6318,282.15
6318.5,294.15
6319,281.7500004
6320,281.5499996
6321,281.15
6321.5,295.9499992
6322,281.9500002
6323,280.7499999
6323.5,293.9499992
6324,281.4500002
6325,281.15
6325.5,293.9499992
6326,282.7500004
6327,280.3499998
6327.5,295.5499996
6328,282.3499998
6329,282.2500004
6330,281.5499996
6330.5,296.3500008
6331,281.5499996
6331.5,295.5499996
6332,281.2500004
6332.5,295.7500004
6333,281.4500002
6334,280.8499998
6335,280.5500001
6335.5,299.3500008
6336,279.2499999
6336.5,293.2500004
6337,281.7500004
6338,280.65
6341.5,300.7500004
6344,277.65
6344.5,303.3500008
6345,280.8499998
6345.5,296.5499996
6346,280.4500002
6346.5,292.5499996
6347,281.65
6348,281.8499998
6348.5,293.4499992
6349,281.9500002
6350,282.2500004
6351,282.2500004
6352,280.65
6353,279.2499999
6353.5,298.9499992
6355,279.15
6355.5,301.5499996
6356,281.15
6356.5,291.9499992
6357,281.9500002
6358,281.15
6358.5,295.15
6359,281.3499998
6360,279.9500002
6361,280.3499998
6361.5,298.7500004
6362,279.7499999
6362.5,296.9499992
6363,280.9500002
6364,281.3499998
6366,279.9500002
6366.5,302.15
6367,280.7499999
6368,280.15
6368.5,300.5499996
6369,282.2500004
6369.5,294.15
6370,280.0500001
6371,283.15
6372,280.15
6373,280.5500001
6374,288.7500004
6374.5,303.7500004
6375,288.65
6376,289.3500008
6376.5,302.5499996
6377,288.7500004
6378,290.5499996
6379.5,300.15
6380,282.65
6381,281.15
6381.5,291.5499996
6382,281.3499998
6383,280.4500002
6384,280.0500001
6385,279.5500001
6385.5,297.5499996
6386,279.2499999
6387.5,301.3500008
6388,289.5499996
6389,279.65
6389.5,301.2500004
6390,281.0500001
6390.5,300.7500004
6391,282.2500004
6392,280.9500002
6392.5,297.5499996
6393,280.7499999
6395.5,299.9499992
6397,279.15
6397.5,302.15
6398,281.9500002
6398.5,299.0499996
6399,281.65
6400,280.4500002
6401.5,300.5499996
6402.5,302.15
6404.5,304.9499992
6405,280.2499999
6405.5,301.7500004
6406,279.5500001
6409,280.4500002
6409.5,304.3500008
6410,282.2500004
6410.5,295.0499996
6411,280.2499999
6412,278.9500002
6414,280.5500001
6414.5,302.3500008
6415,282.65
6416,282.0499996
6417,282.15
6418,281.5499996
6425,287.3499998
6426,282.7500004
6427,280.9500002
6428,279.7499999
6429,281.15
6429.5,298.7500004
6430,282.8499998
6431,282.5499996
6432,280.7499999
6433,280.0500001
6434,280.7499999
6434.5,300.8500008
6435,281.3499998
6435.5,301.5499996
6439.5,306.5500015
6440.5,307.15
6441,281.4500002
6441.5,302.7500004
6442,282.65
6443,281.5499996
6444,281.4500002
6444.5,299.9499992
6445,281.65
6447.5,304.5499996
6448,281.5499996
6448.5,300.5499996
6449,282.2500004
6449.5,294.5499996
6450,282.3499998
6451,281.3499998
6452.5,300.7500004
6454,281.15
6454.5,302.5499996
6455,282.9500002
6455.5,292.9499992
6456,283.0499996
6457,280.4500002
6457.5,297.7500004
6458,281.2500004
6459,281.7500004
6460,280.9500002
6460.5,300.3500008
6461,281.4500002
6461.5,301.15
6462,281.5499996
6463,282.0499996
6464,283.0499996
6465,283.0499996
6467,280.9500002
6468,281.5499996
6469,282.5499996
6470,279.8499998
6471,279.2499999
6472,280.4500002
6473,290.4499992
6474,282.8499998
6475,281.3499998
6476,280.4500002
6477,281.5499996
6480,281.5499996
6481,282.2500004
6482,281.4500002
6483,281.4500002
6484,281.2500004
6485,282.15
6486,281.8499998
6489,281.4500002
6490,282.15
6491,282.2500004
6492,281.8499998
6493,282.7500004
6494,282.15
6495,282.3499998
6496,282.7500004
6498,281.65
6499,281.3499998
6520,292.15
6521,281.65
6522,282.0499996
6523,281.4500002
6524,281.9500002
6525,282.8499998
6526,282.15
6527,281.9500002
6528,281.4500002
6532,280.9500002
6533,281.0500001
6534,280.9500002
6536,280.7499999
6542,280.8499998
6545,292.65
6546,292.3500008
6549,292.3500008
6550,292.15
6551,290.3500008
6553,291.15
6556,291.2500004
6557,291.5499996
6558,290.65
6559,291.0499996
6560,291.9499992
6563,291.65
6564,291.15
6565,291.65
6566,292.15
6567,291.65
6570,291.15
6571,292.15
6572,292.3500008
6573,293.15
6574,292.4499992
6575,293.8500008
6576,293.3500008
6577,293.15
6578,293.15
6579,292.3500008
6580,293.15
6581,292.65
6582,292.3500008
6583,292.9499992
6584,292.65
6585,290.7500004
6586,292.15
6587,292.9499992
6588,292.3500008
6589,290.65
6590,289.15
6591,287.65
6593,288.9500002
6594,289.15
6595,289.8500008
6596,289.5499996
6597,289.65
6598,290.15
6599,287.65
6600,288.3499998
6601,288.15
6602,287.0499996
6603,287.3499998
6604,287.9500002
6605,290.15
6606,290.15
6607,291.4499992
6608,293.65
6609,291.15
6610,292.65
6611,292.3500008
6612,292.3500008
6613,291.65
6614,289.15
6615,289.65
6616,290.65
6617,290.4499992
6618,291.65
6619,288.65
6620,287.15
6621,287.65
6622,288.15
6623,289.8500008
6624,288.65
6625,287.65
6626,288.9500002
6627,289.8500008
6628,291.7500004
6629,288.7500004
6630,286.8499998
6631,287.0499996
6632,287.7500004
6633,286.65
6634,287.15
6635,287.3499998
6636,288.65
6637,288.9500002
6638,287.65
6639,287.3499998
6640,289.15
6641,289.9499992
6642,289.15
6643,285.15
6644,284.8499998
6645,287.8499998
6646,288.15
6647,287.65
6648,287.15
6649,287.15
6650,286.3499998
6651,282.7500004
6652,288.7500004
6654,288.3499998
6655,287.65
6656,288.65
6657,289.7500004
6658,287.4500002
6659,287.8499998
6660,288.65
6661,287.65
6662,287.15
6663,287.9500002
6664,289.65
6665,285.15
6666,286.8499998
6667,289.15
6668,289.65
6669,290.7500004
6670,290.65
6671,290.15
6672,285.9500002
6673,285.5499996
6674,288.15
6675,287.65
6677,286.65
6678,285.65
6679,287.15
6680,287.15
6682,288.3499998
6683,286.65
6684,286.5499996
6685,287.3499998
6686,287.7500004
6687,285.2500004
6688,285.3499998
6689,284.15
6690,287.15
6691,285.65
6692,285.3499998
6693,287.9500002
6695,282.9500002
6696,282.15
6697,283.2500004
6698,283.7500004
6699,285.65
6700,285.3499998
6701,285.4500002
6702,286.15
6703,285.3499998
6704,285.3499998
6705,286.3499998
6706,286.65
6707,285.65
6708,285.15
6709,286.9500002
6711,283.65
6712,283.3499998
6713,285.65
6714,287.4500002
6715,286.15
6716,285.65
6717,287.15
6718,286.15
6719,284.15
6720,284.7500004
6721,286.4500002
6722,285.3499998
6723,286.15
6724,284.9500002
6725,285.4500002
6726,286.8499998
6727,286.15
6728,285.15
6729,283.2500004
6730,282.65