period,yr,month,days,total_days,model,emissions,Tmin,Tmax,Tave,T_K,Prec_mm,Tmin_rollMean,Tmin_rollSD,Tmax_rollMean,Tmax_rollSD,degree_days,DD_rollMean,DD_rollSD
historical,1961,1,15,15,CGCM3.1 (T47),High (A2),-1.7416028,5.25563812,1.75701766,274.9070177,,-1.8321746,0.57079896,5.59291824,0.44879377,,,
historical,1961,2,45,45,CGCM3.1 (T47),High (A2),-2.02648,6.11093378,2.04222689,275.1922269,,-1.9919193,1.45704154,6.23895081,1.21246515,,,
historical,1961,3,75,75,CGCM3.1 (T47),High (A2),0.993213,10.1051407,5.54917685,278.6991769,,1.23003392,1.15766074,9.99405495,0.96111102,,,
historical,1961,4,105,105,CGCM3.1 (T47),High (A2),5.28223038,13.7349968,9.50861359,282.6586136,,5.70958217,0.60970858,14.4863761,0.6857925,,,
historical,1961,5,135,135,CGCM3.1 (T47),High (A2),9.65197086,17.4344902,13.54323053,286.6932305,,10.204158,0.51377633,18.1542746,0.49736843,,,
historical,1961,6,165,165,CGCM3.1 (T47),High (A2),15.1813135,21.3625393,18.2719264,291.4219264,,15.2953021,0.63570099,21.8271329,0.57029733,,,
historical,1961,7,195,195,CGCM3.1 (T47),High (A2),19.3208427,26.461607,22.89122485,296.0412249,,18.6584082,0.57395744,24.9951232,0.96610772,,,
historical,1961,8,225,225,CGCM3.1 (T47),High (A2),19.3207645,26.1316414,22.72620295,295.876203,,19.813907,0.36545389,26.24626,0.70473169,,,
historical,1961,9,255,255,CGCM3.1 (T47),High (A2),17.0839233,24.4995937,20.7917585,293.9417585,,16.9452594,1.37904899,23.4860776,1.27412357,,,
historical,1961,10,285,285,CGCM3.1 (T47),High (A2),12.4669275,19.9000282,16.18347785,289.3334779,,10.7400241,1.25421708,18.3843422,1.15099267,,,
historical,1961,11,315,315,CGCM3.1 (T47),High (A2),3.58562899,12.39956,7.992594495,281.1425945,,5.09235009,1.16047914,13.1405883,0.87789634,,,
historical,1961,12,345,345,CGCM3.1 (T47),High (A2),-0.2143883,7.29350281,3.539557255,276.6895573,,-0.2357325,0.6098352,7.6668028,0.63060949,,,
historical,1962,1,375,375,CGCM3.1 (T47),High (A2),-1.3879827,5.50201321,2.057015255,275.2070153,,-2.1003494,0.88030331,5.47119447,0.52111732,,,
historical,1962,2,405,405,CGCM3.1 (T47),High (A2),-4.502037,4.27778912,-0.11212394,273.0378761,,-1.9444525,1.3360065,6.16413927,1.12438301,,,
historical,1962,3,435,435,CGCM3.1 (T47),High (A2),-0.5224785,8.42808342,3.95280246,277.1028025,,1.09368442,1.11667078,9.74774102,1.09291928,,,
historical,1962,4,465,465,CGCM3.1 (T47),High (A2),5.7643466,14.8090153,10.28668095,283.436681,,5.9482992,0.84183602,14.661427,0.77873338,,,
historical,1962,5,495,495,CGCM3.1 (T47),High (A2),10.2983847,18.3091526,14.30376865,287.4537687,,10.3621046,0.62817321,18.2799541,0.56277299,,,
historical,1962,6,525,525,CGCM3.1 (T47),High (A2),15.2597694,21.1005802,18.1801748,291.3301748,,15.2714684,0.58372889,21.7644133,0.54641445,,,
historical,1962,7,555,555,CGCM3.1 (T47),High (A2),18.2074127,24.5079269,21.3576698,294.5076698,,18.7257802,0.55343976,25.0445044,0.89155649,,,
historical,1962,8,585,585,CGCM3.1 (T47),High (A2),19.4123955,25.2937126,22.35305405,295.5030541,,19.8449475,0.34357202,26.4618598,0.85979957,,,
historical,1962,9,615,615,CGCM3.1 (T47),High (A2),15.9847679,22.7320423,19.3584051,292.5084051,,16.9602582,1.25951903,23.4992085,1.16362908,,,
historical,1962,10,645,645,CGCM3.1 (T47),High (A2),9.7288866,17.1266518,13.4277692,286.5777692,,10.6526937,1.16801963,18.2731402,1.09112232,,,
historical,1962,11,675,675,CGCM3.1 (T47),High (A2),5.02832556,12.8952923,8.96180893,282.1118089,,5.03434563,1.07042584,13.0590589,0.82992829,,,
historical,1962,12,705,705,CGCM3.1 (T47),High (A2),0.18176585,7.92389965,4.05283275,277.2028328,,-0.1784992,0.57692749,7.74170487,0.60882059,,,
historical,1963,1,735,735,CGCM3.1 (T47),High (A2),-1.8464142,6.02555895,2.089572375,275.2395724,,-2.2713984,0.9477821,5.37118566,0.55926971,,,
historical,1963,2,765,765,CGCM3.1 (T47),High (A2),-0.5231193,7.04863358,3.26275714,276.4127571,,-1.9304369,1.23753677,6.20654875,1.04786466,,,
historical,1963,3,795,795,CGCM3.1 (T47),High (A2),2.3727777,10.3881035,6.3804406,279.5304406,,1.28343998,1.16484968,9.89189887,1.0909104,,,
historical,1963,4,825,825,CGCM3.1 (T47),High (A2),5.51533937,13.8998413,9.707590335,282.8575903,,6.21486574,1.08439316,14.9173659,1.02168069,,,
historical,1963,5,855,855,CGCM3.1 (T47),High (A2),10.5936403,18.5148525,14.5542464,287.7042464,,10.6606231,1.02524943,18.5441973,0.91107877,,,
historical,1963,6,885,885,CGCM3.1 (T47),High (A2),16.1333961,22.4611034,19.29724975,292.4472498,,15.3035744,0.54800431,21.8163586,0.52678512,,,
historical,1963,7,915,915,CGCM3.1 (T47),High (A2),19.2316265,25.3578644,22.29474545,295.4447455,,18.8900011,0.69158293,25.1686978,0.89705724,,,
historical,1963,8,945,945,CGCM3.1 (T47),High (A2),19.907793,25.8369026,22.8723478,296.0223478,,19.8128386,0.3307968,26.5309162,0.81963264,,,
historical,1963,9,975,975,CGCM3.1 (T47),High (A2),18.6648426,24.2001076,21.4324751,294.5824751,,16.9775596,1.16711439,23.5790789,1.10074236,,,
historical,1963,10,1005,1005,CGCM3.1 (T47),High (A2),11.2331867,18.3271999,14.7801933,287.9301933,,10.7043512,1.09120213,18.3189328,1.01845241,,,
historical,1963,11,1035,1035,CGCM3.1 (T47),High (A2),4.84882259,13.3461952,9.097508895,282.2475089,,5.24697322,1.15922735,13.3172172,1.05997622,,,
historical,1963,12,1065,1065,CGCM3.1 (T47),High (A2),-0.3947228,7.08580351,3.345540355,276.4955404,,0.20637573,1.21256997,8.19956809,1.41238116,,,
historical,1964,1,1095,1095,CGCM3.1 (T47),High (A2),-1.6433278,5.52122164,1.93894692,275.0889469,,-2.0115495,1.18054955,5.60637156,0.87834871,,,
historical,1964,2,1125,1125,CGCM3.1 (T47),High (A2),-0.628498,7.88138914,3.62644557,276.7764456,,-1.8950515,1.16246686,6.21380944,0.98042963,,,
historical,1964,3,1155,1155,CGCM3.1 (T47),High (A2),0.37582591,9.31780529,4.8468156,277.9968156,,1.0841911,1.24280588,9.673172,1.21321796,,,
historical,1964,4,1185,1185,CGCM3.1 (T47),High (A2),6.81050682,15.6351728,11.22283981,284.3728398,,6.06236458,1.11275757,14.7726724,1.04965627,,,
historical,1964,5,1215,1215,CGCM3.1 (T47),High (A2),10.9693546,18.4210358,14.6951952,287.8451952,,10.7050467,0.96824864,18.6387914,0.89824207,,,
historical,1964,6,1245,1245,CGCM3.1 (T47),High (A2),15.3005962,21.8884602,18.5945282,291.7445282,,15.1580558,0.67331354,21.7928386,0.49778854,,,
historical,1964,7,1275,1275,CGCM3.1 (T47),High (A2),18.697588,24.8642597,21.78092385,294.9309239,,18.9662651,0.68618291,25.1361514,0.84478171,,,
historical,1964,8,1305,1305,CGCM3.1 (T47),High (A2),20.1264992,26.2628555,23.19467735,296.3446774,,19.8945168,0.39470278,26.6528462,0.84948533,,,
historical,1964,9,1335,1335,CGCM3.1 (T47),High (A2),17.7572975,23.9874916,20.87239455,294.0223946,,16.8457951,1.16109576,23.5101782,1.05019295,,,
historical,1964,10,1365,1365,CGCM3.1 (T47),High (A2),11.7682838,19.6088238,15.6885538,288.8385538,,10.5319592,1.14426953,18.2528388,0.97309064,,,
historical,1964,11,1395,1395,CGCM3.1 (T47),High (A2),4.63695621,12.2328367,8.434896455,281.5848965,,5.40385082,1.18208599,13.4245167,1.04246076,,,
historical,1964,12,1425,1425,CGCM3.1 (T47),High (A2),-0.8167793,7.8270154,3.50511805,276.6551181,,0.20353952,1.13428726,8.20593479,1.32129966,,,
historical,1965,1,1455,1455,CGCM3.1 (T47),High (A2),-1.4331762,6.21410942,2.39046661,275.5404666,,-2.0390821,1.11643291,5.50027065,0.89350359,,,
historical,1965,2,1485,1485,CGCM3.1 (T47),High (A2),-2.4929953,5.87205887,1.689531785,274.8395318,,-1.6323433,1.37525908,6.44800653,1.1844494,,,
historical,1965,3,1515,1515,CGCM3.1 (T47),High (A2),2.29446197,10.9905472,6.642504585,279.7925046,,1.17164631,1.20392363,9.73820019,1.1621705,,,
historical,1965,4,1545,1545,CGCM3.1 (T47),High (A2),5.06790161,14.348135,9.708018305,282.8580183,,6.13866243,1.07650452,14.8327695,1.00770781,,,
historical,1965,5,1575,1575,CGCM3.1 (T47),High (A2),9.741539,17.6272392,13.6843891,286.8343891,,10.7145616,0.91336931,18.6400051,0.84687945,,,
historical,1965,6,1605,1605,CGCM3.1 (T47),High (A2),14.2192707,21.6544285,17.9368496,291.0868496,,14.9521218,0.9094322,21.6327909,0.69022708,,,
historical,1965,7,1635,1635,CGCM3.1 (T47),High (A2),17.8369465,23.5538616,20.69540405,293.8454041,,18.8784931,0.70396729,25.0683622,0.82481195,,,
historical,1965,8,1665,1665,CGCM3.1 (T47),High (A2),19.9207077,27.381937,23.65132235,296.8013224,,19.8444195,0.40444741,26.5652849,0.8474164,,,
historical,1965,9,1695,1695,CGCM3.1 (T47),High (A2),17.4111652,24.2770481,20.84410665,293.9941067,,16.8777592,1.0993483,23.5339417,0.99297895,,,
historical,1965,10,1725,1725,CGCM3.1 (T47),High (A2),9.45161438,18.0081425,13.72987844,286.8798784,,10.8533715,1.48220371,18.4881746,1.18132271,,,
historical,1965,11,1755,1755,CGCM3.1 (T47),High (A2),5.32805395,13.2947264,9.311390175,282.4613902,,5.55601201,1.21391885,13.5859029,1.10744406,,,
historical,1965,12,1785,1785,CGCM3.1 (T47),High (A2),0.71376473,8.73388481,4.72382477,277.8738248,,0.16956253,1.07480024,8.14506698,1.26051588,,,
historical,1966,1,1815,1815,CGCM3.1 (T47),High (A2),-2.9405437,5.03896809,1.049212195,274.1992122,,-2.2222976,1.22107619,5.33301122,1.01303835,,,
historical,1966,2,1845,1845,CGCM3.1 (T47),High (A2),-1.7783864,6.24290037,2.232256985,275.382257,,-1.8062797,1.42653291,6.21679076,1.36040303,,,
historical,1966,3,1875,1875,CGCM3.1 (T47),High (A2),1.86640346,10.7346497,6.30052658,279.4505266,,1.07312553,1.18796409,9.5882766,1.20947267,,,
historical,1966,4,1905,1905,CGCM3.1 (T47),High (A2),5.81716824,14.4910955,10.15413187,283.3041319,,6.07601261,1.04218558,14.748391,0.99611475,,,
historical,1966,5,1935,1935,CGCM3.1 (T47),High (A2),9.97005844,18.6188774,14.29446792,287.4444679,,10.8496643,0.97549963,18.7798268,0.92765046,,,
historical,1966,6,1965,1965,CGCM3.1 (T47),High (A2),15.6774664,22.4956856,19.086576,292.236576,,14.9356005,0.86450144,21.5882317,0.67127705,,,
historical,1966,7,1995,1995,CGCM3.1 (T47),High (A2),18.6560326,25.2252197,21.94062615,295.0906262,,18.9140561,0.67817765,25.1314805,0.8100039,,,
historical,1966,8,2025,2025,CGCM3.1 (T47),High (A2),20.195282,26.5705109,23.38289645,296.5328965,,19.8210252,0.39145904,26.627787,0.83022569,,,
historical,1966,9,2055,2055,CGCM3.1 (T47),High (A2),14.7695599,21.2201824,17.99487115,291.1448712,,16.8246791,1.0576873,23.5319177,0.94204646,,,
historical,1966,10,2085,2085,CGCM3.1 (T47),High (A2),9.79124546,17.335207,13.56322623,286.7132262,,10.8165882,1.41142417,18.45364,1.12653898,,,
historical,1966,11,2115,2115,CGCM3.1 (T47),High (A2),7.12631321,14.6749191,10.90061616,284.0506162,,5.43172481,1.22317598,13.4918045,1.09598756,,,
historical,1966,12,2145,2145,CGCM3.1 (T47),High (A2),-0.8840351,7.13671064,3.12633777,276.2763378,,0.1026544,1.04351315,8.05632981,1.23151426,,,
historical,1967,1,2175,2175,CGCM3.1 (T47),High (A2),-3.7093987,4.74085188,0.51572659,273.6657266,,-2.1690857,1.25636249,5.41927604,1.04566747,,,
historical,1967,2,2205,2205,CGCM3.1 (T47),High (A2),-1.659652,5.71527004,2.02780902,275.177809,,-1.9271122,1.50137869,6.08910539,1.43519042,,,
historical,1967,3,2235,2235,CGCM3.1 (T47),High (A2),0.27558741,8.26985741,4.27272241,277.4227224,,1.09473781,1.18852727,9.52364982,1.19803163,,,
historical,1967,4,2265,2265,CGCM3.1 (T47),High (A2),7.38060141,15.7117319,11.54616666,284.6961667,,6.12491239,1.01343927,14.7955613,0.95475409,,,
historical,1967,5,2295,2295,CGCM3.1 (T47),High (A2),11.3097839,19.0340309,15.1719074,288.3219074,,10.9594634,0.8915724,18.9292342,0.81478621,,,
historical,1967,6,2325,2325,CGCM3.1 (T47),High (A2),15.1284666,21.3880959,18.25828125,291.4082813,,14.9312066,0.86324964,21.64388,0.67605196,,,
historical,1967,7,2355,2355,CGCM3.1 (T47),High (A2),19.1300125,25.3407917,22.2354021,295.3854021,,18.9263162,0.68742291,24.9374301,0.70885253,,,
historical,1967,8,2385,2385,CGCM3.1 (T47),High (A2),20.0311909,27.7554588,23.89332485,297.0433249,,19.8778765,0.35528007,26.7161681,0.82384973,,,
historical,1967,9,2415,2415,CGCM3.1 (T47),High (A2),17.050251,23.5779934,20.3141222,293.4641222,,16.7944509,1.05428333,23.4846512,0.90077845,,,
historical,1967,10,2445,2445,CGCM3.1 (T47),High (A2),10.1287117,17.6059284,13.86732005,287.0173201,,10.6243518,1.30409344,18.261012,1.03164837,,,
historical,1967,11,2475,2475,CGCM3.1 (T47),High (A2),4.68631887,12.5698824,8.628100635,281.7781006,,5.49171422,1.13670747,13.4836866,1.10517886,,,
historical,1967,12,2505,2505,CGCM3.1 (T47),High (A2),0.16490023,8.19111729,4.17800876,277.3280088,,0.16675006,1.04374525,8.19491048,1.22282837,,,
historical,1968,1,2535,2535,CGCM3.1 (T47),High (A2),-3.4687407,4.67112398,0.60119164,273.7511916,,-2.2279159,1.23102487,5.39352866,1.04691264,,,
historical,1968,2,2565,2565,CGCM3.1 (T47),High (A2),-1.832327,6.50341511,2.335544055,275.4855441,,-1.6897359,1.23663377,6.29147872,1.30531204,,,
historical,1968,3,2595,2595,CGCM3.1 (T47),High (A2),2.61172891,10.9010038,6.756366355,279.9063664,,1.21556986,1.06925014,9.61432596,1.14331613,,,
historical,1968,4,2625,2625,CGCM3.1 (T47),High (A2),8.08083153,16.7089386,12.39488507,285.5448851,,6.12097025,1.01506511,14.71655,0.98888182,,,
historical,1968,5,2655,2655,CGCM3.1 (T47),High (A2),12.7502527,20.3938999,16.5720763,289.7220763,,10.9233751,0.92828504,18.8976685,0.84728878,,,
historical,1968,6,2685,2685,CGCM3.1 (T47),High (A2),15.5283165,22.1799755,18.854146,292.004146,,14.7958253,0.92138501,21.5997132,0.72889964,,,
historical,1968,7,2715,2715,CGCM3.1 (T47),High (A2),20.039547,26.0380516,23.0387993,296.1887993,,18.9964327,0.64477471,24.9590293,0.69799318,,,
historical,1968,8,2745,2745,CGCM3.1 (T47),High (A2),19.5880756,27.0143108,23.3011932,296.4511932,,19.9181907,0.32065155,26.8760277,0.67791548,,,
historical,1968,9,2775,2775,CGCM3.1 (T47),High (A2),17.0986691,24.1381721,20.6184206,293.7684206,,16.8901806,1.02068393,23.5974107,0.87439304,,,
historical,1968,10,2805,2805,CGCM3.1 (T47),High (A2),11.0659533,18.6394806,14.85271695,288.002717,,10.623646,1.30462855,18.2793935,1.01101057,,,
historical,1968,11,2835,2835,CGCM3.1 (T47),High (A2),6.73536634,15.1243258,10.92984607,284.0798461,,5.54349466,1.12641439,13.5693535,1.09144597,,,
historical,1968,12,2865,2865,CGCM3.1 (T47),High (A2),2.90050054,11.4046106,7.15255557,280.3025556,,0.06577456,1.09463465,8.01726792,1.39583295,,,
historical,1969,1,2895,2895,CGCM3.1 (T47),High (A2),0.06724105,7.48785877,3.77754991,276.9275499,,-2.3710821,1.27307674,5.2272398,1.08119323,,,
historical,1969,2,2925,2925,CGCM3.1 (T47),High (A2),-1.6119689,6.27189493,2.329963015,275.479963,,-1.9894572,1.32218477,6.07406048,1.36442468,,,
historical,1969,3,2955,2955,CGCM3.1 (T47),High (A2),-0.5097999,7.92335701,3.706778555,276.8567786,,0.942669,1.12594533,9.37459178,1.23744372,,,
historical,1969,4,2985,2985,CGCM3.1 (T47),High (A2),4.84235525,13.6151247,9.228739975,282.37874,,6.10332632,1.02824614,14.8124579,0.9522318,,,
historical,1969,5,3015,3015,CGCM3.1 (T47),High (A2),11.0604353,19.3955441,15.2279897,288.3779897,,11.0347398,0.9577841,18.9779268,0.84921167,,,
historical,1969,6,3045,3045,CGCM3.1 (T47),High (A2),13.993907,21.6046791,17.79929305,290.9492931,,14.7678279,0.88044654,21.5784432,0.70424658,,,
historical,1969,7,3075,3075,CGCM3.1 (T47),High (A2),19.5763779,24.8757801,22.226079,295.376079,,18.9200205,0.66364434,24.9810063,0.71539554,,,
historical,1969,8,3105,3105,CGCM3.1 (T47),High (A2),20.5479431,27.6282864,24.08811475,297.2381148,,19.9182403,0.32064982,26.8176152,0.79412668,,,
historical,1969,9,3135,3135,CGCM3.1 (T47),High (A2),15.7916794,22.9589729,19.37532615,292.5253262,,16.7172931,0.83402009,23.5312739,0.85146055,,,
historical,1969,10,3165,3165,CGCM3.1 (T47),High (A2),9.15282345,17.7240868,13.43845513,286.5884551,,10.6164689,1.30115247,18.3206255,1.02234035,,,
historical,1969,11,3195,3195,CGCM3.1 (T47),High (A2),6.65887165,14.2829123,10.47089198,283.620892,,5.56682053,1.11316936,13.544001,1.10035057,,,
historical,1969,12,3225,3225,CGCM3.1 (T47),High (A2),0.18084978,8.25686836,4.21885907,277.3688591,,0.15729857,1.09436998,8.13188262,1.3630776,,,
historical,1970,1,3255,3255,CGCM3.1 (T47),High (A2),-2.2868757,4.54536247,1.129243385,274.2792434,,-2.4947458,1.26132917,5.18530848,1.07758985,,,
historical,1970,2,3285,3285,CGCM3.1 (T47),High (A2),0.73203057,8.55578041,4.64390549,277.7939055,,-2.241226,1.30061979,5.84631642,1.23557972,,,
historical,1970,3,3315,3315,CGCM3.1 (T47),High (A2),1.95874321,10.3234539,6.141098555,279.2910986,,0.95804403,1.11856144,9.28063215,1.28067088,,,
historical,1970,4,3345,3345,CGCM3.1 (T47),High (A2),6.82534313,15.3736429,11.09949302,284.249493,,6.23682425,1.20872847,14.8389304,0.98100392,,,
historical,1970,5,3375,3375,CGCM3.1 (T47),High (A2),10.8001957,18.6509285,14.7255621,287.8755621,,11.150197,1.02341397,19.1736303,0.95010041,,,
historical,1970,6,3405,3405,CGCM3.1 (T47),High (A2),13.0987158,20.1923618,16.6455388,289.7955388,,14.630577,0.90638378,21.5710059,0.70107003,,,
historical,1970,7,3435,3435,CGCM3.1 (T47),High (A2),18.0885448,24.4582596,21.2734022,294.4234022,,18.9025014,0.67258678,25.014741,0.718084,,,
historical,1970,8,3465,3465,CGCM3.1 (T47),High (A2),19.3935432,25.7772331,22.58538815,295.7353882,,19.9576421,0.37141161,26.8750602,0.77254542,,,
historical,1970,9,3495,3495,CGCM3.1 (T47),High (A2),17.1654358,23.7478123,20.45662405,293.6066241,,16.5748676,0.76997005,23.5154591,0.84371987,,,
historical,1970,10,3525,3525,CGCM3.1 (T47),High (A2),13.7460823,20.6061974,17.17613985,290.3261399,,10.3845933,1.30263419,18.1615446,0.93419098,,,
historical,1970,11,3555,3555,CGCM3.1 (T47),High (A2),6.92546272,15.0383787,10.98192071,284.1319207,,5.64957671,1.07013364,13.6313855,1.02112777,,,
historical,1970,12,3585,3585,CGCM3.1 (T47),High (A2),-0.1362303,7.59725666,3.73051318,276.8805132,,0.18697506,1.06945661,8.10032489,1.37480957,,,
historical,1971,1,3615,3615,CGCM3.1 (T47),High (A2),-4.0544519,3.66041684,-0.19701753,272.9529825,,-2.6111646,1.2116713,5.03037919,1.036616,,,
historical,1971,2,3645,3645,CGCM3.1 (T47),High (A2),-3.5456431,3.90463305,0.179494975,273.329495,,-2.1423034,1.32078076,5.90404645,1.25163373,,,
historical,1971,3,3675,3675,CGCM3.1 (T47),High (A2),0.08791771,8.08904076,4.088479235,277.2384792,,0.80898936,1.02826621,9.06410612,1.15814775,,,
historical,1971,4,3705,3705,CGCM3.1 (T47),High (A2),5.44951439,13.9046059,9.677060145,282.8270601,,6.44939145,1.18802917,14.8909021,0.96745227,,,
historical,1971,5,3735,3735,CGCM3.1 (T47),High (A2),12.2006922,20.1780434,16.1893678,289.3393678,,11.2207172,0.93996535,19.2273567,0.86698454,,,
historical,1971,6,3765,3765,CGCM3.1 (T47),High (A2),14.7703867,21.1426392,17.95651295,291.106513,,14.7732984,0.95731393,21.6950864,0.82681756,,,
historical,1971,7,3795,3795,CGCM3.1 (T47),High (A2),19.2696857,25.7626629,22.5161743,295.6661743,,19.0456781,0.58500464,25.2601861,0.62408038,,,
historical,1971,8,3825,3825,CGCM3.1 (T47),High (A2),19.5870819,27.2528076,23.41994475,296.5699448,,19.9975255,0.39013245,26.8243119,0.75403236,,,
historical,1971,9,3855,3855,CGCM3.1 (T47),High (A2),16.2938786,23.5116787,19.90277865,293.0527787,,16.3956553,0.78512217,23.3002503,0.92776328,,,
historical,1971,10,3885,3885,CGCM3.1 (T47),High (A2),10.4487553,18.1082935,14.2785244,287.4285244,,10.4740002,1.26541413,18.1975845,0.93532747,,,
historical,1971,11,3915,3915,CGCM3.1 (T47),High (A2),4.18885279,12.5508204,8.369836595,281.5198366,,5.7140789,1.07019916,13.6208251,1.02554877,,,
historical,1971,12,3945,3945,CGCM3.1 (T47),High (A2),-0.566427,7.16895819,3.301265595,276.4512656,,0.17101653,1.06209412,8.08088285,1.36644076,,,
historical,1972,1,3975,3975,CGCM3.1 (T47),High (A2),-1.1562719,6.20455122,2.52413966,275.6741397,,-2.7470739,1.33034458,4.87236805,1.1602714,,,
historical,1972,2,4005,4005,CGCM3.1 (T47),High (A2),-3.3556383,4.70639467,0.675378185,273.8253782,,-2.1523888,1.31814495,5.90587148,1.25219174,,,
historical,1972,3,4035,4035,CGCM3.1 (T47),High (A2),1.23094809,9.3942461,5.312597095,278.4625971,,0.67687906,0.97055973,8.86473773,1.0226503,,,
historical,1972,4,4065,4065,CGCM3.1 (T47),High (A2),5.82012796,14.25387,10.03699898,283.186999,,6.59824241,1.20337049,14.9306953,0.95832213,,,
historical,1972,5,4095,4095,CGCM3.1 (T47),High (A2),10.8597603,19.0779724,14.96886635,288.1188664,,11.2686031,0.88147768,19.249437,0.85291688,,,
historical,1972,6,4125,4125,CGCM3.1 (T47),High (A2),15.1329813,21.9746704,18.55382585,291.7038259,,14.7439265,0.93140437,21.6161157,0.78302926,,,
historical,1972,7,4155,4155,CGCM3.1 (T47),High (A2),19.4557037,24.3270531,21.8913784,295.0413784,,19.1729532,0.64133934,25.2610068,0.62403574,,,
historical,1972,8,4185,4185,CGCM3.1 (T47),High (A2),19.9461288,27.1038342,23.5249815,296.6749815,,20.0142453,0.40317813,26.916313,0.78121773,,,
historical,1972,9,4215,4215,CGCM3.1 (T47),High (A2),16.7514133,23.9796619,20.3655376,293.5155376,,16.6277649,0.61537724,23.5221913,0.62204937,,,
historical,1972,10,4245,4245,CGCM3.1 (T47),High (A2),10.3523273,17.7811203,14.0667238,287.2167238,,10.618052,1.27010185,18.3185269,0.8979307,,,
historical,1972,11,4275,4275,CGCM3.1 (T47),High (A2),4.24551249,12.3102636,8.277888045,281.427888,,5.51085511,0.98398481,13.459511,0.98178735,,,
historical,1972,12,4305,4305,CGCM3.1 (T47),High (A2),0.49066398,8.81789017,4.654277075,277.8042771,,0.42401288,1.11574609,8.31414669,1.40753751,,,
historical,1973,1,4335,4335,CGCM3.1 (T47),High (A2),-2.0351152,5.21879196,1.59183838,274.7418384,,-2.5586142,1.32722022,5.01856966,1.24058551,,,
historical,1973,2,4365,4365,CGCM3.1 (T47),High (A2),-1.8908976,6.50389576,2.30649908,275.4564991,,-2.1062805,1.34568728,6.0512228,1.3188753,,,
historical,1973,3,4395,4395,CGCM3.1 (T47),High (A2),0.80667394,9.4255209,5.11609742,278.2660974,,0.80430683,1.00404374,8.99878706,1.03346012,,,
historical,1973,4,4425,4425,CGCM3.1 (T47),High (A2),5.72098303,13.9398918,9.830437415,282.9804374,,6.31060592,1.36495635,14.6307233,1.18015275,,,
historical,1973,5,4455,4455,CGCM3.1 (T47),High (A2),9.90141392,17.9619293,13.93167161,287.0816716,,11.3251766,0.90406557,19.3491774,0.88861163,,,
historical,1973,6,4485,4485,CGCM3.1 (T47),High (A2),13.7705746,20.6147461,17.19266035,290.3426604,,14.8246946,1.00379353,21.7351848,0.84223294,,,
historical,1973,7,4515,4515,CGCM3.1 (T47),High (A2),18.9786949,24.7455177,21.8621063,295.0121063,,19.226687,0.66181607,25.3536084,0.70710699,,,
historical,1973,8,4545,4545,CGCM3.1 (T47),High (A2),19.8558521,27.0521679,23.45401,296.60401,,20.0769093,0.45616151,26.8355857,0.73003744,,,
historical,1973,9,4575,4575,CGCM3.1 (T47),High (A2),17.0377941,23.9723969,20.5050955,293.6550955,,16.685605,0.68501837,23.692878,0.85344785,,,
historical,1973,10,4605,4605,CGCM3.1 (T47),High (A2),9.72112274,17.3288479,13.52498532,286.6749853,,10.5978544,1.28038658,18.3263241,0.89147319,,,
historical,1973,11,4635,4635,CGCM3.1 (T47),High (A2),5.5979104,13.8376284,9.7177694,282.8677694,,5.73370816,1.05369517,13.6074215,0.95659356,,,
historical,1973,12,4665,4665,CGCM3.1 (T47),High (A2),-0.9289647,5.96983147,2.520433385,275.6704334,,0.51964478,1.13621065,8.3248568,1.40695585,,,
historical,1974,1,4695,4695,CGCM3.1 (T47),High (A2),-3.421242,4.19638157,0.387569785,273.5375698,,-2.4126129,1.30524271,5.12150728,1.25575737,,,
historical,1974,2,4725,4725,CGCM3.1 (T47),High (A2),-3.8200529,4.65703297,0.418490035,273.56849,,-2.1424756,1.34293354,5.98413519,1.31232617,,,
historical,1974,3,4755,4755,CGCM3.1 (T47),High (A2),-0.6291317,7.75102758,3.56094794,276.7109479,,0.6197571,0.80555453,8.89690273,0.86939694,,,
historical,1974,4,4785,4785,CGCM3.1 (T47),High (A2),5.32125616,14.9548273,10.13804173,283.2880417,,5.96782502,1.34930836,14.3017445,1.03881795,,,
historical,1974,5,4815,4815,CGCM3.1 (T47),High (A2),11.8186522,19.3976936,15.6081729,288.7581729,,11.122896,0.79576554,19.2005863,0.83125381,,,
historical,1974,6,4845,4845,CGCM3.1 (T47),High (A2),15.8254251,22.2271328,19.02627895,292.176279,,14.6591107,1.02610003,21.5787249,0.90858714,,,
historical,1974,7,4875,4875,CGCM3.1 (T47),High (A2),18.3910923,25.5996113,21.9953518,295.1453518,,19.2075996,0.63865041,25.3819596,0.74265232,,,
historical,1974,8,4905,4905,CGCM3.1 (T47),High (A2),19.9083385,25.1943645,22.5513515,295.7013515,,19.9609888,0.69322534,26.6946508,0.83428335,,,
historical,1974,9,4935,4935,CGCM3.1 (T47),High (A2),16.7630806,23.4726028,20.1178417,293.2678417,,16.660062,0.67321251,23.7296146,0.88272727,,,
historical,1974,10,4965,4965,CGCM3.1 (T47),High (A2),11.1542377,18.7807522,14.96749495,288.117495,,10.7254167,1.39633416,18.4325849,0.99606084,,,
historical,1974,11,4995,4995,CGCM3.1 (T47),High (A2),5.10540724,13.067317,9.08636212,282.2363621,,5.53430137,1.05273211,13.4064297,0.82987849,,,
historical,1974,12,5025,5025,CGCM3.1 (T47),High (A2),0.61204129,8.34656525,4.47930327,277.6293033,,0.16776014,0.89994164,7.93054238,1.00905216,,,
historical,1975,1,5055,5055,CGCM3.1 (T47),High (A2),-3.0036285,5.05997705,1.028174275,274.1781743,,-2.6125062,1.02598028,4.9920964,1.04280197,,,
historical,1975,2,5085,5085,CGCM3.1 (T47),High (A2),-3.3979547,5.37620449,0.989124895,274.1391249,,-2.0412113,1.42634375,6.1070714,1.40223885,,,
historical,1975,3,5115,5115,CGCM3.1 (T47),High (A2),0.5449512,8.28424931,4.414600255,277.5646003,,0.96449939,1.04859167,9.18930986,1.0344537,,,
historical,1975,4,5145,5145,CGCM3.1 (T47),High (A2),8.27898407,15.9263706,12.10267734,285.2526773,,6.1875642,1.34450357,14.5345507,1.15050432,,,
historical,1975,5,5175,5175,CGCM3.1 (T47),High (A2),12.2393837,20.5737743,16.406579,289.556579,,11.3053993,0.98719108,19.3259222,0.95788319,,,
historical,1975,6,5205,5205,CGCM3.1 (T47),High (A2),13.7908363,21.8066502,17.79874325,290.9487433,,14.8230752,1.05292722,21.7107953,1.01239325,,,
historical,1975,7,5235,5235,CGCM3.1 (T47),High (A2),18.5048771,25.235342,21.87010955,295.0201096,,19.3143389,0.78727316,25.6102794,0.93311639,,,
historical,1975,8,5265,5265,CGCM3.1 (T47),High (A2),20.5599194,26.8947506,23.727335,296.877335,,19.9791945,0.71254207,26.6312863,0.78105298,,,
historical,1975,9,5295,5295,CGCM3.1 (T47),High (A2),16.1906166,23.8135281,20.00207235,293.1520724,,16.7607976,0.61023754,23.742936,0.87096164,,,
historical,1975,10,5325,5325,CGCM3.1 (T47),High (A2),9.21765232,17.8589344,13.53829336,286.6882934,,10.8512128,1.29946256,18.5266866,0.97101373,,,
historical,1975,11,5355,5355,CGCM3.1 (T47),High (A2),5.54727411,13.194067,9.370670555,282.5206706,,5.31540983,1.04582208,13.2199892,0.84353603,,,
historical,1975,12,5385,5385,CGCM3.1 (T47),High (A2),-0.4903379,7.47988033,3.494771215,276.6447712,,0.07961908,0.94488838,7.92569997,1.00745608,,,
historical,1976,1,5415,5415,CGCM3.1 (T47),High (A2),-2.7137828,4.50988722,0.89805221,274.0480522,,-2.5228737,1.09782551,5.17152338,1.12482306,,,
historical,1976,2,5445,5445,CGCM3.1 (T47),High (A2),-1.4048468,6.50708914,2.55112117,275.7011212,,-2.1799231,1.18313491,5.99173021,1.22116824,,,
historical,1976,3,5475,5475,CGCM3.1 (T47),High (A2),0.65486062,8.60876083,4.631810725,277.7818107,,1.15582899,1.38590182,9.33247744,1.28560524,,,
historical,1976,4,5505,5505,CGCM3.1 (T47),High (A2),7.4061408,14.9198236,11.1629822,284.3129822,,6.24192017,1.38436185,14.5659881,1.18007002,,,
historical,1976,5,5535,5535,CGCM3.1 (T47),High (A2),10.5172606,18.2182293,14.36774495,287.517745,,11.3933167,0.98074196,19.4087396,0.93273977,,,
historical,1976,6,5565,5565,CGCM3.1 (T47),High (A2),15.7892056,23.0193138,19.4042597,292.5542597,,14.9714922,0.887652,21.877302,0.87959355,,,
historical,1976,7,5595,5595,CGCM3.1 (T47),High (A2),19.41189,26.2537575,22.83282375,295.9828238,,19.4745076,0.68560832,25.8195912,0.90672093,,,
historical,1976,8,5625,5625,CGCM3.1 (T47),High (A2),20.3594246,26.8237057,23.59156515,296.7415652,,20.0880051,0.70551987,26.7661717,0.7461502,,,
historical,1976,9,5655,5655,CGCM3.1 (T47),High (A2),15.4398298,21.9097519,18.67479085,291.8247909,,16.8056182,0.6590805,23.734883,0.8713215,,,
historical,1976,10,5685,5685,CGCM3.1 (T47),High (A2),10.4350901,18.4045811,14.4198356,287.5698356,,10.6987862,0.98661765,18.4260509,0.77062961,,,
historical,1976,11,5715,5715,CGCM3.1 (T47),High (A2),6.03757811,13.1785612,9.608069655,282.7580697,,5.21758552,0.92331159,13.070651,0.59954388,,,
historical,1976,12,5745,5745,CGCM3.1 (T47),High (A2),0.538221,8.52002239,4.529121695,277.6791217,,0.1509597,0.95651501,7.93752948,1.00397179,,,
historical,1977,1,5775,5775,CGCM3.1 (T47),High (A2),-4.4355464,3.30084562,-0.56735039,272.5826496,,-2.2536445,1.04660813,5.48360942,1.13977718,,,
historical,1977,2,5805,5805,CGCM3.1 (T47),High (A2),-1.8893265,6.26297569,2.186824595,275.3368246,,-2.0721782,1.09716828,6.14804957,1.02092454,,,
historical,1977,3,5835,5835,CGCM3.1 (T47),High (A2),0.41319019,8.54159737,4.47739378,277.6273938,,1.24360176,1.34136301,9.42931223,1.22107745,,,
historical,1977,4,5865,5865,CGCM3.1 (T47),High (A2),7.45452881,14.9288206,11.19167471,284.3416747,,6.31001035,1.35968953,14.6884086,1.17443304,,,
historical,1977,5,5895,5895,CGCM3.1 (T47),High (A2),10.4968033,18.8617611,14.6792822,287.8292822,,11.20231,1.01188091,19.1570389,1.06812618,,,
historical,1977,6,5925,5925,CGCM3.1 (T47),High (A2),15.3543758,21.6270084,18.4906921,291.6406921,,14.9010432,0.93471309,21.9290492,0.8482355,,,
historical,1977,7,5955,5955,CGCM3.1 (T47),High (A2),20.0560589,25.2342472,22.64515305,295.7951531,,19.44127,0.70511563,25.7509788,0.93942548,,,
historical,1977,8,5985,5985,CGCM3.1 (T47),High (A2),20.3792,27.5825233,23.98086165,297.1308617,,20.110779,0.69164,26.5948103,0.83444162,,,
historical,1977,9,6015,6015,CGCM3.1 (T47),High (A2),17.3227654,23.6615334,20.4921494,293.6421494,,16.8318987,0.64218153,23.7407405,0.86988634,,,
historical,1977,10,6045,6045,CGCM3.1 (T47),High (A2),11.3758163,18.6655731,15.0206947,288.1706947,,10.6590097,1.00632902,18.43769,0.76630518,,,
historical,1977,11,6075,6075,CGCM3.1 (T47),High (A2),4.8908515,12.9004641,8.8956578,282.0456578,,5.18264506,0.97211684,12.9519646,0.80631054,,,
historical,1977,12,6105,6105,CGCM3.1 (T47),High (A2),1.89892471,9.70261288,5.800768795,278.9507688,,0.346791,1.01375487,8.13420291,1.04923666,,,
historical,1978,1,6135,6135,CGCM3.1 (T47),High (A2),-1.6363423,6.3490696,2.35636365,275.5063637,,-2.2824326,1.01735157,5.480238,1.13748396,,,
historical,1978,2,6165,6165,CGCM3.1 (T47),High (A2),-1.1524603,7.3141346,3.08083715,276.2308372,,-2.1753206,1.26965897,6.05360586,1.19997675,,,
historical,1978,3,6195,6195,CGCM3.1 (T47),High (A2),1.67729282,9.74440002,5.71084642,278.8608464,,1.12124302,1.40262227,9.32785299,1.26968146,,,
historical,1978,4,6225,6225,CGCM3.1 (T47),High (A2),4.21659994,12.4120398,8.31431987,281.4643199,,6.3567348,1.34996802,14.8234397,1.20448023,,,
historical,1978,5,6255,6255,CGCM3.1 (T47),High (A2),11.9320927,20.131176,16.03163435,289.1816344,,11.1793877,1.02320923,19.1134109,1.0813972,,,
historical,1978,6,6285,6285,CGCM3.1 (T47),High (A2),16.0169163,22.697855,19.35738565,292.5073857,,14.9595725,0.97017343,21.9949722,0.87972961,,,
historical,1978,7,6315,6315,CGCM3.1 (T47),High (A2),19.7210846,26.3594093,23.04024695,296.190247,,19.4406482,0.70510464,25.9482042,0.83220259,,,
historical,1978,8,6345,6345,CGCM3.1 (T47),High (A2),20.7204952,26.8674583,23.79397675,296.9439768,,20.1776179,0.709434,26.5600045,0.81892694,,,
historical,1978,9,6375,6375,CGCM3.1 (T47),High (A2),17.6864929,25.4555473,21.5710201,294.7210201,,17.0104163,0.85518494,23.8937413,1.04624333,,,
historical,1978,10,6405,6405,CGCM3.1 (T47),High (A2),9.90653801,17.6916981,13.79911806,286.9491181,,10.6810744,1.00158193,18.452798,0.75359914,,,
historical,1978,11,6435,6435,CGCM3.1 (T47),High (A2),7.13770247,14.1968985,10.66730049,283.8173005,,5.21806145,0.9411647,13.0453617,0.78373288,,,
historical,1978,12,6465,6465,CGCM3.1 (T47),High (A2),1.21685112,8.30892849,4.762889805,277.9128898,,0.38939896,1.03012381,8.15718759,1.06830724,,,
historical,1979,1,6495,6495,CGCM3.1 (T47),High (A2),-1.8627256,5.80343771,1.970356055,275.1203561,,-2.2045143,1.06966497,5.58754934,1.16568402,,,
historical,1979,2,6525,6525,CGCM3.1 (T47),High (A2),-2.230473,5.76545143,1.767489215,274.9174892,,-2.0656594,1.34645218,6.18138981,1.3214189,,,
historical,1979,3,6555,6555,CGCM3.1 (T47),High (A2),0.58168191,9.7802763,5.180979105,278.3309791,,1.38837153,1.60231599,9.57528023,1.52927376,,,
historical,1979,4,6585,6585,CGCM3.1 (T47),High (A2),4.3102417,13.0901718,8.70020675,281.8502068,,6.53839254,1.38972381,14.9750781,1.18699345,,,
historical,1979,5,6615,6615,CGCM3.1 (T47),High (A2),10.5251665,18.7593975,14.642282,287.792282,,11.3433282,0.93897436,19.288921,1.03133358,,,
historical,1979,6,6645,6645,CGCM3.1 (T47),High (A2),13.706893,20.4589176,17.0829053,290.2329053,,15.2283206,1.01623181,22.2810638,0.89751881,,,
historical,1979,7,6675,6675,CGCM3.1 (T47),High (A2),19.829586,26.3499146,23.0897503,296.2397503,,19.4776684,0.68892995,26.0098012,0.75585526,,,
historical,1979,8,6705,6705,CGCM3.1 (T47),High (A2),18.3129501,25.4640274,21.88848875,295.0384888,,20.2770035,0.73593185,26.7251878,1.0722108,,,
historical,1979,9,6735,6735,CGCM3.1 (T47),High (A2),16.8176956,24.5422745,20.67998505,293.8299851,,16.9734366,0.86264501,23.8670491,1.04778023,,,
historical,1979,10,6765,6765,CGCM3.1 (T47),High (A2),12.4691381,19.8083496,16.13874385,289.2887439,,10.9128697,1.05102762,18.6762054,0.7513414,,,
historical,1979,11,6795,6795,CGCM3.1 (T47),High (A2),4.54189157,12.9134159,8.727653735,281.8776537,,5.27001364,0.97923189,13.0532547,0.79289343,,,
historical,1979,12,6825,6825,CGCM3.1 (T47),High (A2),-0.9702304,7.06715202,3.04846081,276.1984608,,0.56685961,0.94491444,8.44407901,0.81613709,,,
historical,1980,1,6855,6855,CGCM3.1 (T47),High (A2),-2.1315858,6.06433916,1.96637668,275.1163767,,-1.9588758,1.07255716,5.7989254,1.09698059,,,
historical,1980,2,6885,6885,CGCM3.1 (T47),High (A2),-0.498062,7.62419319,3.563065595,276.7130656,,-1.7771611,1.27081488,6.43306004,1.26446327,,,
historical,1980,3,6915,6915,CGCM3.1 (T47),High (A2),3.28236532,11.1398354,7.21110036,280.3611004,,1.90420781,1.79020424,10.0409105,1.68963475,,,
historical,1980,4,6945,6945,CGCM3.1 (T47),High (A2),7.2594862,16.175993,11.7177396,284.8677396,,6.8049586,1.41392377,15.1040729,1.25946125,,,
historical,1980,5,6975,6975,CGCM3.1 (T47),High (A2),13.0679712,20.7742386,16.9211049,290.0711049,,11.3291326,0.93222583,19.3270673,1.04344807,,,
historical,1980,6,7005,7005,CGCM3.1 (T47),High (A2),15.7975168,23.0574532,19.427485,292.577485,,15.1920974,0.99978826,22.3344454,0.91134626,,,
historical,1980,7,7035,7035,CGCM3.1 (T47),High (A2),20.7505093,27.3872986,24.06890395,297.218904,,19.6474419,0.62116007,26.0573065,0.74382245,,,
historical,1980,8,7065,7065,CGCM3.1 (T47),High (A2),20.7482052,26.9312763,23.83974075,296.9897408,,20.2769035,0.73598705,26.8778073,0.94438454,,,
historical,1980,9,7095,7095,CGCM3.1 (T47),High (A2),16.8997707,23.1055088,20.00263975,293.1526398,,17.0546037,0.88264526,24.0166345,1.10189363,,,
historical,1980,10,7125,7125,CGCM3.1 (T47),High (A2),10.5365801,18.7592049,14.6478925,287.7978925,,10.7474877,1.14791245,18.5656489,0.82069224,,,
historical,1980,11,7155,7155,CGCM3.1 (T47),High (A2),4.25106478,12.2320662,8.24156549,281.3915655,,5.2288896,0.99618802,12.9818841,0.82613768,,,
historical,1980,12,7185,7185,CGCM3.1 (T47),High (A2),-0.7887019,8.20360184,3.70744997,276.85745,,0.63891409,0.97833318,8.49072825,0.82462704,,,
historical,1981,1,7215,7215,CGCM3.1 (T47),High (A2),-1.3009186,6.51905918,2.60907029,275.7590703,,-1.9772958,1.09382295,5.67305879,1.25787618,,,
historical,1981,2,7245,7245,CGCM3.1 (T47),High (A2),-0.7937987,7.28702736,3.24661433,276.3966143,,-1.7514094,1.23711,6.36558355,1.34381531,,,
historical,1981,3,7275,7275,CGCM3.1 (T47),High (A2),4.0633688,11.8982973,7.98083305,281.1308331,,2.0710751,1.73554857,10.2526925,1.59052475,,,
historical,1981,4,7305,7305,CGCM3.1 (T47),High (A2),7.42325878,15.7194548,11.57135679,284.7213568,,6.62358041,1.33149374,15.0045495,1.23091565,,,
historical,1981,5,7335,7335,CGCM3.1 (T47),High (A2),11.7672873,19.5619202,15.66460375,288.8146038,,11.3372861,0.94133099,19.294705,1.00575466,,,
historical,1981,6,7365,7365,CGCM3.1 (T47),High (A2),14.7313023,22.0239353,18.3776188,291.5276188,,15.440695,0.955518,22.4377571,0.90994398,,,
historical,1981,7,7395,7395,CGCM3.1 (T47),High (A2),19.8504009,26.7606888,23.30554485,296.4555449,,19.7984678,0.50706192,26.1694293,0.69914553,,,
historical,1981,8,7425,7425,CGCM3.1 (T47),High (A2),20.5904598,27.260973,23.9257164,297.0757164,,20.3285855,0.77668355,26.9215936,0.95633883,,,
historical,1981,9,7455,7455,CGCM3.1 (T47),High (A2),17.6584625,23.6592293,20.6588459,293.8088459,,17.0497992,0.88794634,23.9345653,1.15105596,,,
historical,1981,10,7485,7485,CGCM3.1 (T47),High (A2),12.0693903,19.4992046,15.78429745,288.9342975,,10.9034446,1.02973621,18.6349633,0.7865221,,,
historical,1981,11,7515,7515,CGCM3.1 (T47),High (A2),5.84939528,13.3956585,9.62252689,282.7725269,,5.20852501,0.99130629,13.0118004,0.84042449,,,
historical,1981,12,7545,7545,CGCM3.1 (T47),High (A2),0.64851648,7.72738123,4.187948855,277.3379489,,0.95500476,1.12734246,8.7899909,0.99981467,,,
historical,1982,1,7575,7575,CGCM3.1 (T47),High (A2),-1.0929307,7.09336329,3.000216295,276.1502163,,-1.8443547,1.08418384,5.91014543,1.26248324,,,
historical,1982,2,7605,7605,CGCM3.1 (T47),High (A2),-2.3604498,5.62414598,1.63184809,274.7818481,,-1.5586154,1.44440288,6.61816276,1.60817581,,,
historical,1982,3,7635,7635,CGCM3.1 (T47),High (A2),1.05341816,9.15422344,5.1038208,278.2538208,,2.19230169,1.67214871,10.4594178,1.50073477,,,
historical,1982,4,7665,7665,CGCM3.1 (T47),High (A2),6.19850636,15.2512312,10.72486878,283.8748688,,6.51712851,1.30929621,14.9674265,1.23985169,,,
historical,1982,5,7695,7695,CGCM3.1 (T47),High (A2),10.099618,17.4093361,13.75447705,286.9044771,,11.5057513,0.94571097,19.4717281,0.96799642,,,
historical,1982,6,7725,7725,CGCM3.1 (T47),High (A2),13.9954481,21.7118587,17.8536534,291.0036534,,15.5352589,1.04109782,22.4026489,0.8925459,,,
historical,1982,7,7755,7755,CGCM3.1 (T47),High (A2),18.9040718,25.0079269,21.95599935,295.1059994,,19.9033318,0.53748391,26.1433527,0.70103249,,,
historical,1982,8,7785,7785,CGCM3.1 (T47),High (A2),19.837595,25.3678322,22.6027136,295.7527136,,20.4667405,0.90695391,26.907389,0.95909458,,,
historical,1982,9,7815,7815,CGCM3.1 (T47),High (A2),16.5829639,23.5761108,20.07953735,293.2295374,,17.4466983,1.05616116,24.2913622,1.0657817,,,
historical,1982,10,7845,7845,CGCM3.1 (T47),High (A2),10.0112133,18.2363243,14.1237688,287.2737688,,10.9718461,1.02046242,18.7032341,0.79704735,,,
historical,1982,11,7875,7875,CGCM3.1 (T47),High (A2),3.80450773,11.2452707,7.524889215,280.6748892,,5.15264099,0.95661571,13.042667,0.85329814,,,
historical,1982,12,7905,7905,CGCM3.1 (T47),High (A2),1.58771729,9.33236599,5.46004164,278.6100416,,1.02559194,1.12293632,8.84625613,1.0005175,,,
historical,1983,1,7935,7935,CGCM3.1 (T47),High (A2),-1.4729402,6.16746569,2.347262745,275.4972627,,-1.5276788,0.68798622,6.19601941,0.92291883,,,
historical,1983,2,7965,7965,CGCM3.1 (T47),High (A2),-4.4902039,3.66751385,-0.411345025,272.738655,,-1.3898389,1.50892156,6.76516732,1.64592592,,,
historical,1983,3,7995,7995,CGCM3.1 (T47),High (A2),-0.1149981,8.27819443,4.081598165,277.2315982,,2.53365677,1.65582555,10.7768647,1.42173465,,,
historical,1983,4,8025,8025,CGCM3.1 (T47),High (A2),6.33409691,15.739212,11.03665446,284.1866545,,6.42746405,1.27191987,14.9950897,1.24229646,,,
historical,1983,5,8055,8055,CGCM3.1 (T47),High (A2),10.6076155,18.5980644,14.60283995,287.75284,,11.6014605,0.88469636,19.4991393,0.9531518,,,
historical,1983,6,8085,8085,CGCM3.1 (T47),High (A2),15.776804,22.6998234,19.2383137,292.3883137,,15.4219778,1.1269972,22.4218606,0.8763077,,,
historical,1983,7,8115,8115,CGCM3.1 (T47),High (A2),19.448864,26.4965324,22.9726982,296.1226982,,19.8784672,0.53603654,26.0786594,0.81662268,,,
historical,1983,8,8145,8145,CGCM3.1 (T47),High (A2),20.6813564,26.7209702,23.7011633,296.8511633,,20.4779949,0.90652699,26.8605073,0.93509681,,,
historical,1983,9,8175,8175,CGCM3.1 (T47),High (A2),18.715107,25.6626701,22.18888855,295.3388886,,17.3895286,1.0802851,24.290677,1.06622948,,,
historical,1983,10,8205,8205,CGCM3.1 (T47),High (A2),10.5950394,17.9473076,14.2711735,287.4211735,,10.979389,1.02404736,18.7435528,0.80611756,,,
historical,1983,11,8235,8235,CGCM3.1 (T47),High (A2),4.63509274,13.3376312,8.98636197,282.136362,,5.1555191,0.95579659,13.1331227,0.88872013,,,
historical,1983,12,8265,8265,CGCM3.1 (T47),High (A2),0.9593516,9.07072163,5.015036615,278.1650366,,0.79971957,1.17822398,8.67485779,1.00063714,,,
historical,1984,1,8295,8295,CGCM3.1 (T47),High (A2),-1.1780146,6.39921665,2.610601025,275.760601,,-1.6863858,0.88788104,6.0023673,1.09502832,,,
historical,1984,2,8325,8325,CGCM3.1 (T47),High (A2),-0.6846249,7.9095192,3.61244715,276.7624472,,-1.6005874,1.62952402,6.44657562,1.85494135,,,
historical,1984,3,8355,8355,CGCM3.1 (T47),High (A2),3.74508762,12.1472206,7.94615411,281.0961541,,2.44021652,1.73604194,10.7073724,1.49408731,,,
historical,1984,4,8385,8385,CGCM3.1 (T47),High (A2),7.71921825,15.6079149,11.66356658,284.8135666,,6.68277333,1.04546267,15.2532995,0.89964683,,,
historical,1984,5,8415,8415,CGCM3.1 (T47),High (A2),11.7047596,19.89254,15.7986498,288.9486498,,11.4406418,0.97478144,19.3065272,1.02409393,,,
historical,1984,6,8445,8445,CGCM3.1 (T47),High (A2),16.7268028,23.7617531,20.24427795,293.394278,,15.1760538,1.27023864,22.214507,1.05591821,,,
historical,1984,7,8475,8475,CGCM3.1 (T47),High (A2),19.3859177,25.4230843,22.404501,295.554501,,19.733331,0.75451784,25.8333411,1.08505469,,,
historical,1984,8,8505,8505,CGCM3.1 (T47),High (A2),20.9490948,28.8691845,24.90913965,298.0591397,,20.313213,1.01615147,26.5871906,1.30074911,,,
historical,1984,9,8535,8535,CGCM3.1 (T47),High (A2),16.6310177,23.6787834,20.15490055,293.3049006,,17.2790834,1.10862042,24.1587674,0.99508804,,,
historical,1984,10,8565,8565,CGCM3.1 (T47),High (A2),12.2708712,19.7863293,16.02860025,289.1786003,,11.0604973,0.96415739,18.7843321,0.75746381,,,
historical,1984,11,8595,8595,CGCM3.1 (T47),High (A2),6.16938448,13.9244518,10.04691814,283.1969181,,5.10110404,0.84191731,13.202544,1.0026481,,,
historical,1984,12,8625,8625,CGCM3.1 (T47),High (A2),1.0231024,9.12563705,5.074369725,278.2243697,,0.69931238,1.1861563,8.65878482,1.00849188,,,
historical,1985,1,8655,8655,CGCM3.1 (T47),High (A2),-0.7192182,6.52151823,2.901150015,276.05115,,-1.5976534,0.91679722,6.09914474,1.12238917,,,
historical,1985,2,8685,8685,CGCM3.1 (T47),High (A2),-0.6465716,7.4254055,3.38941695,276.539417,,-1.4867061,1.62486805,6.60819983,1.86707367,,,
historical,1985,3,8715,8715,CGCM3.1 (T47),High (A2),5.04506731,12.872961,8.959014155,282.1090142,,2.59176088,1.62690912,10.7573786,1.46894878,,,
historical,1985,4,8745,8745,CGCM3.1 (T47),High (A2),8.25348282,16.3737698,12.31362631,285.4636263,,7.0845714,0.87842917,15.5950141,0.683844,,,
historical,1985,5,8775,8775,CGCM3.1 (T47),High (A2),11.6625004,19.8173027,15.73990155,288.8899016,,11.6772594,1.04379438,19.4853914,1.08875554,,,
historical,1985,6,8805,8805,CGCM3.1 (T47),High (A2),15.4269705,22.8143311,19.1206508,292.2706508,,15.3909908,1.19456005,22.522943,0.98496307,,,
historical,1985,7,8835,8835,CGCM3.1 (T47),High (A2),20.2586002,26.1221695,23.19038485,296.3403849,,19.7871642,0.78267175,25.8687668,1.10968843,,,
historical,1985,8,8865,8865,CGCM3.1 (T47),High (A2),19.907238,26.8731785,23.39020825,296.5402083,,20.6333544,0.8666903,26.832286,1.32178541,,,
historical,1985,9,8895,8895,CGCM3.1 (T47),High (A2),17.6559181,25.118042,21.38698005,294.5369801,,17.4095501,1.13306912,24.2260935,1.0473133,,,
historical,1985,10,8925,8925,CGCM3.1 (T47),High (A2),9.33503532,17.5646305,13.44983291,286.5998329,,10.9656816,0.85712011,18.6631921,0.67990182,,,
historical,1985,11,8955,8955,CGCM3.1 (T47),High (A2),4.65304279,12.2822399,8.467641345,281.6176413,,5.2776224,0.91345826,13.3525625,1.07584387,,,
historical,1985,12,8985,8985,CGCM3.1 (T47),High (A2),1.40464056,8.85970688,5.13217372,278.2821737,,0.98100968,1.11587692,8.93189357,0.93872929,,,
historical,1986,1,9015,9015,CGCM3.1 (T47),High (A2),-3.2062483,3.67544436,0.23459803,273.384598,,-1.5442601,0.94819004,6.1026253,1.18303949,,,
historical,1986,2,9045,9045,CGCM3.1 (T47),High (A2),-3.1146863,4.63396311,0.759638405,273.9096384,,-1.5855705,1.67752473,6.5066005,1.93575062,,,
historical,1986,3,9075,9075,CGCM3.1 (T47),High (A2),2.3804915,10.6138506,6.49717105,279.6471711,,2.52270044,1.69783211,10.7191329,1.5426242,,,
historical,1986,4,9105,9105,CGCM3.1 (T47),High (A2),6.28382397,14.8316126,10.55771829,283.7077183,,7.06707993,0.92392421,15.5369162,0.69162739,,,
historical,1986,5,9135,9135,CGCM3.1 (T47),High (A2),12.329072,20.2177887,16.27343035,289.4234304,,11.5381882,0.9870033,19.3565067,1.05549602,,,
historical,1986,6,9165,9165,CGCM3.1 (T47),High (A2),16.5254097,22.943079,19.73424435,292.8842444,,15.3503382,1.25113048,22.469492,1.02128738,,,
historical,1986,7,9195,9195,CGCM3.1 (T47),High (A2),20.1661625,26.4686928,23.31742765,296.4674277,,19.6908297,0.75313519,25.7169136,1.04230255,,,
historical,1986,8,9225,9225,CGCM3.1 (T47),High (A2),21.1284218,27.3764,24.2524109,297.4024109,,20.6218693,0.91268901,26.8223869,1.39285429,,,
historical,1986,9,9255,9255,CGCM3.1 (T47),High (A2),16.1377678,22.9107666,19.5242672,292.6742672,,17.460528,1.180988,24.3381519,1.03211598,,,
historical,1986,10,9285,9285,CGCM3.1 (T47),High (A2),10.9331789,18.6213932,14.77728605,287.9272861,,11.0085917,0.89094256,18.6535908,0.71589295,,,
historical,1986,11,9315,9315,CGCM3.1 (T47),High (A2),5.32326365,13.5231466,9.423205125,282.5732051,,5.38027816,0.89348614,13.4646121,1.06423354,,,
historical,1986,12,9345,9345,CGCM3.1 (T47),High (A2),2.98665953,10.7717695,6.879214515,280.0292145,,1.15798084,1.00037471,9.00472274,0.95618903,,,
historical,1987,1,9375,9375,CGCM3.1 (T47),High (A2),-1.2514312,7.11784029,2.933204545,276.0832045,,-1.5712981,1.00161024,6.05635487,1.24516847,,,
historical,1987,2,9405,9405,CGCM3.1 (T47),High (A2),0.7158879,9.28546047,5.000674185,278.1506742,,-1.6735451,1.75464543,6.4198864,2.03246876,,,
historical,1987,3,9435,9435,CGCM3.1 (T47),High (A2),1.98835301,10.8827391,6.435546055,279.5855461,,2.35151506,1.70683574,10.5881146,1.57608233,,,
historical,1987,4,9465,9465,CGCM3.1 (T47),High (A2),6.23516989,14.5114708,10.37332035,283.5233203,,7.0275045,0.97093796,15.5166341,0.73042055,,,
historical,1987,5,9495,9495,CGCM3.1 (T47),High (A2),12.3703785,20.1654835,16.267931,289.417931,,11.5127327,1.0433876,19.333683,1.11690217,,,
historical,1987,6,9525,9525,CGCM3.1 (T47),High (A2),16.8294086,22.6331234,19.731266,292.881266,,15.4191199,1.30681691,22.5189983,1.0704364,,,
historical,1987,7,9555,9555,CGCM3.1 (T47),High (A2),20.5653934,25.9669151,23.26615425,296.4161543,,19.6730995,0.79660383,25.6009386,1.0348329,,,
historical,1987,8,9585,9585,CGCM3.1 (T47),High (A2),21.8791294,26.6674557,24.27329255,297.4232926,,20.6253592,0.9679821,26.7736551,1.46827522,,,
historical,1987,9,9615,9615,CGCM3.1 (T47),High (A2),19.8057194,25.8345184,22.8201189,295.9701189,,17.4385353,1.25045305,24.4135878,1.0650833,,,
historical,1987,10,9645,9645,CGCM3.1 (T47),High (A2),11.1875067,19.1555595,15.1715331,288.3215331,,10.8907252,0.85831825,18.5596337,0.69083376,,,
historical,1987,11,9675,9675,CGCM3.1 (T47),High (A2),5.42285395,13.5180941,9.470474025,282.620474,,5.32815403,0.93141922,13.4722736,1.12849758,,,
historical,1987,12,9705,9705,CGCM3.1 (T47),High (A2),1.31467998,9.13893986,5.22680992,278.3768099,,1.21458799,1.04393204,9.14664957,0.89552964,,,
historical,1988,1,9735,9735,CGCM3.1 (T47),High (A2),-0.9521109,6.44545937,2.746674235,275.8966742,,-1.631094,1.05345315,5.92672881,1.26455788,,,
historical,1988,2,9765,9765,CGCM3.1 (T47),High (A2),-0.0327857,7.88002586,3.92362008,277.0736201,,-1.587682,1.85547171,6.51935396,2.14925505,,,
historical,1988,3,9795,9795,CGCM3.1 (T47),High (A2),4.16809607,12.033514,8.100805035,281.250805,,2.51377718,1.74890245,10.767351,1.58381251,,,
historical,1988,4,9825,9825,CGCM3.1 (T47),High (A2),6.46821976,15.2331161,10.85066793,284.0006679,,7.13112926,0.98333409,15.5498095,0.77356964,,,
historical,1988,5,9855,9855,CGCM3.1 (T47),High (A2),11.5496044,19.1632843,15.35644435,288.5064444,,11.6893721,0.96085947,19.5742264,0.9113384,,,
historical,1988,6,9885,9885,CGCM3.1 (T47),High (A2),14.108284,21.8383369,17.97331045,291.1233105,,15.5970789,1.2751452,22.6198907,1.0976445,,,
historical,1988,7,9915,9915,CGCM3.1 (T47),High (A2),19.7825489,24.5226212,22.15258505,295.3025851,,19.769228,0.79384167,25.675065,1.08043724,,,
historical,1988,8,9945,9945,CGCM3.1 (T47),High (A2),20.5029984,27.066824,23.7849112,296.9349112,,20.7238297,0.98544919,26.949383,1.46498544,,,
historical,1988,9,9975,9975,CGCM3.1 (T47),High (A2),16.6938992,23.6539955,20.17394735,293.3239474,,17.5454817,1.29203937,24.5182724,1.08799822,,,
historical,1988,10,10005,10005,CGCM3.1 (T47),High (A2),11.4587879,19.1090794,15.28393365,288.4339337,,11.0006642,0.84713364,18.6000473,0.72706997,,,
historical,1988,11,10035,10035,CGCM3.1 (T47),High (A2),4.92251062,13.8954763,9.40899346,282.5589935,,5.51860982,0.7863704,13.750649,0.81139824,,,
historical,1988,12,10065,10065,CGCM3.1 (T47),High (A2),-0.5856714,7.81723118,3.61577989,276.7657799,,1.16794683,1.10594007,9.12343502,0.95446207,,,
historical,1989,1,10095,10095,CGCM3.1 (T47),High (A2),-3.3821199,4.21889639,0.418388245,273.5683882,,-1.6536874,1.13576398,5.89233783,1.36183167,,,
historical,1989,2,10125,10125,CGCM3.1 (T47),High (A2),-3.4706933,3.80962586,0.16946628,273.3194663,,-1.173036,1.55302258,6.92675969,1.9596017,,,
historical,1989,3,10155,10155,CGCM3.1 (T47),High (A2),0.64945012,8.97998428,4.8147172,277.9647172,,2.8893165,1.5007193,11.1229448,1.321502,,,
historical,1989,4,10185,10185,CGCM3.1 (T47),High (A2),7.025002,15.2523479,11.13867495,284.288675,,7.24499103,1.0035445,15.5227519,0.83145172,,,
historical,1989,5,10215,10215,CGCM3.1 (T47),High (A2),10.1630869,18.0124435,14.0877652,287.2377652,,11.8439087,0.92424637,19.7136781,0.88738794,,,
historical,1989,6,10245,10245,CGCM3.1 (T47),High (A2),13.3117523,20.4169655,16.8643589,290.0143589,,15.5714039,1.37507887,22.6084717,1.18507821,,,
historical,1989,7,10275,10275,CGCM3.1 (T47),High (A2),18.1245861,23.6609077,20.8927469,294.0427469,,19.8149943,0.84597057,25.5577126,1.11057061,,,
historical,1989,8,10305,10305,CGCM3.1 (T47),High (A2),18.9078941,23.8609753,21.3844347,294.5344347,,20.7298974,1.06424536,26.9820134,1.5792219,,,
historical,1989,9,10335,10335,CGCM3.1 (T47),High (A2),16.4715958,24.0045414,20.2380686,293.3880686,,17.3783924,1.29885238,24.354787,1.06375455,,,
historical,1989,10,10365,10365,CGCM3.1 (T47),High (A2),10.7987289,18.1402702,14.46949955,287.6194996,,11.0586106,0.89772042,18.6932959,0.7318332,,,
historical,1989,11,10395,10395,CGCM3.1 (T47),High (A2),6.53913689,14.9605331,10.749835,283.899835,,5.64482655,0.75680598,13.8096515,0.85767292,,,
historical,1989,12,10425,10425,CGCM3.1 (T47),High (A2),0.11237204,8.13212585,4.122248945,277.2722489,,1.19774615,1.19107768,9.13096551,1.03068013,,,
historical,1990,1,10455,10455,CGCM3.1 (T47),High (A2),-0.8866686,6.86798954,2.99066047,276.1406605,,-1.7329662,1.22276601,5.80785803,1.47158186,,,
historical,1990,2,10485,10485,CGCM3.1 (T47),High (A2),-0.9777784,7.54331779,3.282769695,276.4327697,,-1.2544379,1.68481286,6.76296643,2.0934874,,,
historical,1990,3,10515,10515,CGCM3.1 (T47),High (A2),2.24866986,10.3303442,6.28950703,279.439507,,2.74668798,1.59113475,10.9522322,1.36045637,,,
historical,1990,4,10545,10545,CGCM3.1 (T47),High (A2),8.73002052,16.8490314,12.78952596,285.939526,,7.16595316,1.07519636,15.5085581,0.90988024,,,
historical,1990,5,10575,10575,CGCM3.1 (T47),High (A2),13.1279593,20.7269039,16.9274316,290.0774316,,11.8671002,1.01022755,19.6838678,0.96823764,,,
historical,1990,6,10605,10605,CGCM3.1 (T47),High (A2),16.0711994,23.8517132,19.9614563,293.1114563,,15.3788374,1.39911498,22.4162582,1.17258074,,,
historical,1990,7,10635,10635,CGCM3.1 (T47),High (A2),20.421751,26.7395973,23.58067415,296.7306742,,19.886507,0.90323929,25.5801506,1.21482977,,,
historical,1990,8,10665,10665,CGCM3.1 (T47),High (A2),21.8345051,28.1600761,24.9972906,298.1472906,,20.6933645,1.16100419,26.6674849,1.47028345,,,
historical,1990,9,10695,10695,CGCM3.1 (T47),High (A2),18.2528286,25.2828617,21.76784515,294.9178452,,17.5029548,1.37625879,24.4674543,1.11859716,,,
historical,1990,10,10725,10725,CGCM3.1 (T47),High (A2),11.4261656,18.4758091,14.95098735,288.1009874,,10.8565672,0.79005151,18.5111237,0.6032639,,,
historical,1990,11,10755,10755,CGCM3.1 (T47),High (A2),6.48359346,14.5636187,10.52360608,283.6736061,,5.55740023,0.78936818,13.7905181,0.93789566,,,
historical,1990,12,10785,10785,CGCM3.1 (T47),High (A2),2.1284399,10.0713482,6.09989405,279.2498941,,1.22685344,1.30203013,9.13185358,1.12905058,,,
future_end,2081,1,15,43215,CGCM3.1 (T47),High (A2),1.92818666,9.42599964,5.67709315,278.8270932,,0.75664609,1.34119346,8.32067704,1.81212151,,,
future_end,2081,2,45,43245,CGCM3.1 (T47),High (A2),3.15714574,10.4969664,6.82705607,279.9770561,,0.95863814,1.30869526,8.68124835,1.3875177,,,
future_end,2081,3,75,43275,CGCM3.1 (T47),High (A2),3.89973783,11.6873169,7.793527365,280.9435274,,4.20633352,0.88800291,12.4521642,0.57197131,,,
future_end,2081,4,105,43305,CGCM3.1 (T47),High (A2),8.60393429,16.7817726,12.69285345,285.8428534,,9.36284296,1.11556961,17.4938431,0.92234378,,,
future_end,2081,5,135,43335,CGCM3.1 (T47),High (A2),13.8915148,21.5258751,17.70869495,290.858695,,14.145572,1.02155378,22.0798111,0.90590816,,,
future_end,2081,6,165,43365,CGCM3.1 (T47),High (A2),18.897377,24.7691917,21.83328435,294.9832844,,18.8315662,0.52712548,25.1709611,0.32707044,,,
future_end,2081,7,195,43395,CGCM3.1 (T47),High (A2),22.3344688,27.6977959,25.01613235,298.1661324,,22.9040143,0.6878133,28.7956909,0.97507393,,,
future_end,2081,8,225,43425,CGCM3.1 (T47),High (A2),23.4013519,30.2815971,26.8414745,299.9914745,,23.5684093,0.69874518,30.4649458,1.54790502,,,
future_end,2081,9,255,43455,CGCM3.1 (T47),High (A2),20.0952072,26.4018936,23.2485504,296.3985504,,20.1053998,1.00327651,26.9076722,0.96063653,,,
future_end,2081,10,285,43485,CGCM3.1 (T47),High (A2),11.7744379,19.576664,15.67555095,288.825551,,13.8511734,1.23833567,21.3551982,1.1304522,,,
future_end,2081,11,315,43515,CGCM3.1 (T47),High (A2),9.31634808,16.9555988,13.13597344,286.2859734,,8.68104776,1.52584315,16.3429027,1.38951871,,,
future_end,2081,12,345,43545,CGCM3.1 (T47),High (A2),0.98541498,8.98718262,4.9862988,278.1362988,,3.61923989,1.39820299,11.3558962,1.3254965,,,
future_end,2082,1,375,43575,CGCM3.1 (T47),High (A2),-0.3305103,6.8663578,3.26792375,276.4179238,,0.91164368,1.29118925,8.5843715,1.79533572,,,
future_end,2082,2,405,43605,CGCM3.1 (T47),High (A2),0.64759296,8.37691593,4.512254445,277.6622544,,1.081699,1.23824227,8.79867962,1.30417351,,,
future_end,2082,3,435,43635,CGCM3.1 (T47),High (A2),3.70914793,12.2354584,7.972303165,281.1223032,,4.14610962,0.82614329,12.3432243,0.59640701,,,
future_end,2082,4,465,43665,CGCM3.1 (T47),High (A2),11.0179729,18.6626415,14.8403072,287.9903072,,9.33488744,1.02105348,17.4972591,0.84202933,,,
future_end,2082,5,495,43695,CGCM3.1 (T47),High (A2),13.8598852,21.4968739,17.67837955,290.8283796,,14.2992269,1.01730633,22.1502138,0.84769517,,,
future_end,2082,6,525,43725,CGCM3.1 (T47),High (A2),19.071413,25.704525,22.387969,295.537969,,18.9899156,0.63802256,25.2485093,0.36227333,,,
future_end,2082,7,555,43755,CGCM3.1 (T47),High (A2),23.9558353,28.5072174,26.23152635,299.3815264,,22.9890957,0.66701665,28.6843442,0.93760027,,,
future_end,2082,8,585,43785,CGCM3.1 (T47),High (A2),22.8762741,30.4253426,26.65080835,299.8008084,,23.6816096,0.70467781,30.3947947,1.42517478,,,
future_end,2082,9,615,43815,CGCM3.1 (T47),High (A2),19.5486164,26.4726658,23.0106411,296.1606411,,19.9713116,0.98217139,26.7640152,0.95576159,,,
future_end,2082,10,645,43845,CGCM3.1 (T47),High (A2),13.3605757,20.7174397,17.0390077,290.1890077,,13.6519692,1.24726586,21.1794357,1.13189325,,,
future_end,2082,11,675,43875,CGCM3.1 (T47),High (A2),7.22667408,14.4309549,10.82881449,283.9788145,,8.90336854,1.51200203,16.6048569,1.44544412,,,
future_end,2082,12,705,43905,CGCM3.1 (T47),High (A2),4.55545998,12.4592028,8.50733139,281.6573314,,3.75776005,1.3279525,11.5178161,1.28360587,,,
future_end,2083,1,735,43935,CGCM3.1 (T47),High (A2),-0.2421709,7.5112052,3.63451715,276.7845172,,0.99115527,1.2163796,8.61248976,1.66405948,,,
future_end,2083,2,765,43965,CGCM3.1 (T47),High (A2),-0.697692,6.51968288,2.91099544,276.0609954,,1.55963776,1.77245951,9.30947936,1.882875,,,
future_end,2083,3,795,43995,CGCM3.1 (T47),High (A2),3.70467925,12.2897644,7.997221825,281.1472218,,4.30212209,0.88302325,12.5529548,0.81042091,,,
future_end,2083,4,825,44025,CGCM3.1 (T47),High (A2),7.88367319,16.1563892,12.0200312,285.1700312,,9.4462983,0.99645045,17.6874969,0.94723229,,,
future_end,2083,5,855,44055,CGCM3.1 (T47),High (A2),13.744132,22.1458549,17.94499345,291.0949935,,14.2072899,0.97708076,22.0394104,0.84507456,,,
future_end,2083,6,885,44085,CGCM3.1 (T47),High (A2),18.433651,24.9937153,21.71368315,294.8636832,,18.9133635,0.62912745,25.2384677,0.33660032,,,
future_end,2083,7,915,44115,CGCM3.1 (T47),High (A2),22.5685577,29.3959732,25.98226545,299.1322655,,23.0410094,0.63475409,28.7147298,0.87229333,,,
future_end,2083,8,945,44145,CGCM3.1 (T47),High (A2),23.3636074,28.6364422,26.0000248,299.1500248,,23.5515547,0.74896349,30.1871471,1.44426552,,,
future_end,2083,9,975,44175,CGCM3.1 (T47),High (A2),19.139555,26.0403709,22.58996295,295.739963,,19.9044127,0.92879255,26.7853291,0.88691449,,,
future_end,2083,10,1005,44205,CGCM3.1 (T47),High (A2),15.231349,22.2878971,18.75962305,291.9096231,,13.8293474,1.25902236,21.2779765,1.0843609,,,
future_end,2083,11,1035,44235,CGCM3.1 (T47),High (A2),6.63049316,15.1634846,10.89698888,284.0469889,,9.0909096,1.49697377,16.7751971,1.42230884,,,
future_end,2083,12,1065,44265,CGCM3.1 (T47),High (A2),3.41498113,10.7685452,7.091763165,280.2417632,,3.88635808,1.28212126,11.675234,1.26905843,,,
future_end,2084,1,1095,44295,CGCM3.1 (T47),High (A2),-0.2874614,6.4050827,3.05881065,276.2088107,,0.97983029,1.13832606,8.61578364,1.55661648,,,
future_end,2084,2,1125,44325,CGCM3.1 (T47),High (A2),0.15398757,7.94977474,4.051881155,277.2018812,,1.51459696,1.66348105,9.3170841,1.76141604,,,
future_end,2084,3,1155,44355,CGCM3.1 (T47),High (A2),3.71818352,12.3489828,8.03358316,281.1835832,,4.28202007,0.82819117,12.4927299,0.77931226,,,
future_end,2084,4,1185,44385,CGCM3.1 (T47),High (A2),9.13927364,17.3413811,13.24032737,286.3903274,,9.44287136,0.93215075,17.7718133,0.92145329,,,
future_end,2084,5,1215,44415,CGCM3.1 (T47),High (A2),13.3247471,21.5442028,17.43447495,290.584475,,14.4991989,1.2657996,22.2743356,1.05905202,,,
future_end,2084,6,1245,44445,CGCM3.1 (T47),High (A2),18.2336788,24.9995575,21.61661815,294.7666182,,19.0532566,0.72281181,25.3294695,0.41673639,,,
future_end,2084,7,1275,44475,CGCM3.1 (T47),High (A2),22.1357994,27.9909496,25.0633745,298.2133745,,23.0575078,0.59581745,28.8978803,0.9837077,,,
future_end,2084,8,1305,44505,CGCM3.1 (T47),High (A2),23.0926228,29.5074387,26.30003075,299.4500308,,23.5664525,0.70201532,30.1694864,1.35202521,,,
future_end,2084,9,1335,44535,CGCM3.1 (T47),High (A2),20.8202629,26.8809738,23.85061835,297.0006184,,20.0380944,0.95690164,26.8696588,0.86734861,,,
future_end,2084,10,1365,44565,CGCM3.1 (T47),High (A2),14.3296328,21.9889297,18.15928125,291.3092813,,13.9371518,1.22130721,21.3656067,1.04784075,,,
future_end,2084,11,1395,44595,CGCM3.1 (T47),High (A2),10.4840431,17.8835602,14.18380165,287.3338017,,9.26317173,1.49260923,16.8621853,1.35580033,,,
future_end,2084,12,1425,44625,CGCM3.1 (T47),High (A2),3.72753787,11.6261606,7.676849235,280.8268492,,3.99873824,1.24580065,11.7803878,1.2282962,,,
future_end,2085,1,1455,44655,CGCM3.1 (T47),High (A2),0.63277352,8.43776798,4.53527075,277.6852708,,0.99736422,1.07465546,8.5957664,1.46895658,,,
future_end,2085,2,1485,44685,CGCM3.1 (T47),High (A2),1.04806745,9.5653038,5.306685625,278.4566856,,1.55854835,1.57449141,9.40017529,1.68133759,,,
future_end,2085,3,1515,44715,CGCM3.1 (T47),High (A2),4.23619795,12.7682323,8.502215125,281.6522151,,4.20537345,0.81757964,12.426263,0.76421551,,,
future_end,2085,4,1545,44745,CGCM3.1 (T47),High (A2),9.35142231,17.8787365,13.61507941,286.7650794,,9.52700295,0.91822724,17.8166422,0.88024466,,,
future_end,2085,5,1575,44775,CGCM3.1 (T47),High (A2),16.1851215,23.8513088,20.01821515,293.1682152,,14.5627017,1.21018472,22.3275236,1.01255101,,,
future_end,2085,6,1605,44805,CGCM3.1 (T47),High (A2),19.7121258,25.326601,22.5193634,295.6693634,,19.0720903,0.68407109,25.3710802,0.41435151,,,
future_end,2085,7,1635,44835,CGCM3.1 (T47),High (A2),23.3543091,30.3630962,26.85870265,300.0087027,,23.0951883,0.57424069,29.035277,1.02417729,,,
future_end,2085,8,1665,44865,CGCM3.1 (T47),High (A2),24.8284454,33.2259483,29.02719685,302.1771969,,23.5968298,0.66880113,30.2430897,1.29577723,,,
future_end,2085,9,1695,44895,CGCM3.1 (T47),High (A2),21.7276993,28.7559052,25.24180225,298.3918023,,20.0816088,0.91260926,26.8918324,0.82074484,,,
future_end,2085,10,1725,44925,CGCM3.1 (T47),High (A2),14.8092299,22.5505238,18.67987685,291.8298769,,14.1060051,1.26924122,21.5201065,1.10212311,,,
future_end,2085,11,1755,44955,CGCM3.1 (T47),High (A2),9.95522785,17.6540146,13.80462123,286.9546212,,9.32111683,1.41912515,16.9079928,1.28644239,,,
future_end,2085,12,1785,44985,CGCM3.1 (T47),High (A2),4.90295124,12.5255928,8.71427202,281.864272,,4.08414197,1.2052015,11.8199895,1.16480036,,,
future_end,2086,1,1815,45015,CGCM3.1 (T47),High (A2),2.83905888,11.2776489,7.05835389,280.2083539,,1.18556197,1.19540714,8.87610258,1.67526779,,,
future_end,2086,2,1845,45045,CGCM3.1 (T47),High (A2),1.44272709,9.17884636,5.310786725,278.4607867,,1.49548558,1.5082662,9.37289238,1.59762148,,,
future_end,2086,3,1875,45075,CGCM3.1 (T47),High (A2),5.97005463,13.3832302,9.676642415,282.8266424,,4.15622187,0.79257018,12.3644449,0.75343148,,,
future_end,2086,4,1905,45105,CGCM3.1 (T47),High (A2),10.1807814,18.1421375,14.16145945,287.3114595,,9.58539568,0.89237546,17.847641,0.8413785,,,
future_end,2086,5,1935,45135,CGCM3.1 (T47),High (A2),13.8680315,21.9147511,17.8913913,291.0413913,,14.6324039,1.1711254,22.4178446,1.00621582,,,
future_end,2086,6,1965,45165,CGCM3.1 (T47),High (A2),18.6411514,25.2321758,21.9366636,295.0866636,,19.0272524,0.66578736,25.3918336,0.39906913,,,
future_end,2086,7,1995,45195,CGCM3.1 (T47),High (A2),23.0751152,28.8191128,25.947114,299.097114,,23.1296101,0.55660627,29.0982021,0.9937809,,,
future_end,2086,8,2025,45225,CGCM3.1 (T47),High (A2),23.8481541,30.7129059,27.28053,300.43053,,23.6135797,0.63690784,30.1820412,1.24584545,,,
future_end,2086,9,2055,45255,CGCM3.1 (T47),High (A2),19.3010578,26.8942242,23.097641,296.247641,,20.1960673,0.94534563,27.0080218,0.86876908,,,
future_end,2086,10,2085,45285,CGCM3.1 (T47),High (A2),13.6018152,21.0097351,17.30577515,290.4557752,,14.0346548,1.22714118,21.4769724,1.05530748,,,
future_end,2086,11,2115,45315,CGCM3.1 (T47),High (A2),8.47350025,15.9698029,12.22165158,285.3716516,,9.12771997,1.49129151,16.7352435,1.34822346,,,
future_end,2086,12,2145,45345,CGCM3.1 (T47),High (A2),4.12909412,11.768693,7.94889356,281.0988936,,4.12983465,1.15335407,11.8982963,1.13513672,,,
future_end,2087,1,2175,45375,CGCM3.1 (T47),High (A2),1.84162927,10.1665382,6.004083735,279.1540837,,1.13811883,1.17313521,8.84291376,1.66687963,,,
future_end,2087,2,2205,45405,CGCM3.1 (T47),High (A2),1.82006419,9.50326729,5.66166574,278.8116657,,1.25117104,1.42769865,9.21313771,1.56143016,,,
future_end,2087,3,2235,45435,CGCM3.1 (T47),High (A2),3.7847662,11.6895847,7.73717545,280.8871755,,4.32836962,0.92575044,12.5321634,0.79198243,,,
future_end,2087,4,2265,45465,CGCM3.1 (T47),High (A2),9.16715431,17.5177555,13.34245491,286.4924549,,9.80962905,0.93018951,17.9844288,0.7700536,,,
future_end,2087,5,2295,45495,CGCM3.1 (T47),High (A2),15.2211561,22.5726299,18.896893,292.046893,,14.7597733,1.1586116,22.5463037,0.97052041,,,
future_end,2087,6,2325,45525,CGCM3.1 (T47),High (A2),19.940012,25.7137985,22.82690525,295.9769053,,19.1379053,0.73914896,25.5895791,0.56437432,,,
future_end,2087,7,2355,45555,CGCM3.1 (T47),High (A2),23.4995842,28.016264,25.7579241,298.9079241,,23.2641277,0.52301279,29.294138,0.89791001,,,
future_end,2087,8,2385,45585,CGCM3.1 (T47),High (A2),24.3608112,29.9738884,27.1673498,300.3173498,,23.7610866,0.75902673,30.2757717,1.29201381,,,
future_end,2087,9,2415,45615,CGCM3.1 (T47),High (A2),19.1667824,25.9020729,22.53442765,295.6844277,,20.3365697,1.03906312,27.1874062,0.9324807,,,
future_end,2087,10,2445,45645,CGCM3.1 (T47),High (A2),12.4567442,20.1248608,16.2908025,289.4408025,,14.2778814,0.9732357,21.6659418,0.84643802,,,
future_end,2087,11,2475,45675,CGCM3.1 (T47),High (A2),10.2372932,18.1765823,14.20693775,287.3569378,,9.24865671,1.56045493,16.9242454,1.51732341,,,
future_end,2087,12,2505,45705,CGCM3.1 (T47),High (A2),4.58888102,12.489336,8.53910851,281.6891085,,4.34160625,0.59880515,12.1285866,0.63009718,,,
future_end,2088,1,2535,45735,CGCM3.1 (T47),High (A2),1.54773641,8.80931759,5.178527,278.328527,,1.20665483,1.09839725,8.97730624,1.54685716,,,
future_end,2088,2,2565,45765,CGCM3.1 (T47),High (A2),4.90520906,12.8850775,8.89514328,282.0451433,,1.39035888,1.43756934,9.36597876,1.55365651,,,
future_end,2088,3,2595,45795,CGCM3.1 (T47),High (A2),5.39420938,14.0210686,9.70763899,282.857639,,4.46257123,0.93397188,12.6717648,0.8663056,,,
future_end,2088,4,2625,45825,CGCM3.1 (T47),High (A2),10.2261744,19.0191612,14.6226678,287.7726678,,9.78827793,0.9019469,18.043644,0.84847304,,,
future_end,2088,5,2655,45855,CGCM3.1 (T47),High (A2),13.5637312,21.2637863,17.41375875,290.5637588,,14.7085515,1.21352707,22.6020178,0.92055677,,,
future_end,2088,6,2685,45885,CGCM3.1 (T47),High (A2),18.3774986,25.1681767,21.77283765,294.9228377,,19.074922,0.77407387,25.5400635,0.57703258,,,
future_end,2088,7,2715,45915,CGCM3.1 (T47),High (A2),23.4044056,28.9274292,26.1659174,299.3159174,,23.2389799,0.49216868,29.3547242,0.8612384,,,
future_end,2088,8,2745,45945,CGCM3.1 (T47),High (A2),22.6411705,28.733614,25.68739225,298.8373923,,23.832455,0.70229955,30.2772035,1.29220484,,,
future_end,2088,9,2775,45975,CGCM3.1 (T47),High (A2),19.436121,26.9345264,23.1853237,296.3353237,,20.3784833,1.01307417,27.1846274,0.93486615,,,
future_end,2088,10,2805,46005,CGCM3.1 (T47),High (A2),15.0709944,21.967762,18.5193782,291.6693782,,14.2561922,0.99806444,21.7085138,0.80471004,,,
future_end,2088,11,2835,46035,CGCM3.1 (T47),High (A2),10.403697,17.9675789,14.18563795,287.335638,,9.6223878,1.51952384,17.3086943,1.3488094,,,
future_end,2088,12,2865,46065,CGCM3.1 (T47),High (A2),4.78654432,12.7771587,8.78185151,281.9318515,,4.29036138,0.60278057,12.0782419,0.62312475,,,
future_end,2089,1,2895,46095,CGCM3.1 (T47),High (A2),0.88923043,8.64213467,4.76568255,277.9156826,,1.36165999,0.9882829,9.04545203,1.49132506,,,
future_end,2089,2,2925,46125,CGCM3.1 (T47),High (A2),1.15427053,9.37792206,5.266096295,278.4160963,,1.790966,1.41126844,9.80088,1.33082373,,,
future_end,2089,3,2955,46155,CGCM3.1 (T47),High (A2),4.1212039,12.010931,8.06606745,281.2160675,,4.66946743,0.99909907,12.8312969,0.94676814,,,
future_end,2089,4,2985,46185,CGCM3.1 (T47),High (A2),9.41545582,18.4463444,13.93090011,287.0809001,,10.0696904,0.71096831,18.3390898,0.67334823,,,
future_end,2089,5,3015,46215,CGCM3.1 (T47),High (A2),16.8344707,24.153738,20.49410435,293.6441044,,14.8787851,1.19592381,22.6705321,0.9112096,,,
future_end,2089,6,3045,46245,CGCM3.1 (T47),High (A2),20.1724014,26.0574837,23.11494255,296.2649426,,19.2795323,0.87809226,25.7604682,0.77614961,,,
future_end,2089,7,3075,46275,CGCM3.1 (T47),High (A2),23.1894951,30.3630848,26.77628995,299.92629,,23.4178574,0.57477595,29.4653643,0.9415017,,,
future_end,2089,8,3105,46305,CGCM3.1 (T47),High (A2),23.6856346,30.0282001,26.85691735,300.0069174,,23.9761131,0.75634674,30.6329807,1.33338104,,,
future_end,2089,9,3135,46335,CGCM3.1 (T47),High (A2),21.1075478,27.5442963,24.32592205,297.4759221,,20.5395301,0.93416278,27.3690598,0.88535853,,,
future_end,2089,10,3165,46365,CGCM3.1 (T47),High (A2),14.7995872,22.0666485,18.43311785,291.5831179,,14.2232006,0.9681566,21.7234263,0.8179319,,,
future_end,2089,11,3195,46395,CGCM3.1 (T47),High (A2),10.6412687,17.5580902,14.09967945,287.2496795,,9.84277309,1.18008732,17.4566907,1.16694292,,,
future_end,2089,12,3225,46425,CGCM3.1 (T47),High (A2),4.89777946,12.6216183,8.75969888,281.9096989,,4.33710963,0.54530204,12.163183,0.4721289,,,
future_end,2090,1,3255,46455,CGCM3.1 (T47),High (A2),1.15516961,8.41561127,4.78539044,277.9353904,,1.45632349,0.85547094,9.25315692,1.22150981,,,
future_end,2090,2,3285,46485,CGCM3.1 (T47),High (A2),1.95411086,10.1479959,6.05105338,279.2010534,,1.9556978,1.30266018,10.0152844,1.18473889,,,
future_end,2090,3,3315,46515,CGCM3.1 (T47),High (A2),3.51555395,11.8280602,7.671807075,280.8218071,,5.00840636,1.24600754,13.1408776,1.27362436,,,
future_end,2090,4,3345,46545,CGCM3.1 (T47),High (A2),10.2841873,18.2201023,14.2521448,287.4021448,,10.0984624,0.67504677,18.3771062,0.62116914,,,
future_end,2090,5,3375,46575,CGCM3.1 (T47),High (A2),15.1342268,22.8062153,18.97022105,292.1202211,,15.0347156,1.07915849,22.7561822,0.8359209,,,
future_end,2090,6,3405,46605,CGCM3.1 (T47),High (A2),19.2415943,25.7455769,22.4935856,295.6435856,,19.295454,0.85860391,25.8327713,0.73408289,,,
future_end,2090,7,3435,46635,CGCM3.1 (T47),High (A2),23.4343128,30.2718468,26.8530798,300.0030798,,23.3960897,0.63006028,29.4392971,0.98916859,,,
future_end,2090,8,3465,46665,CGCM3.1 (T47),High (A2),23.8702259,30.9055195,27.3878727,300.5378727,,24.1014352,0.70798055,30.764225,1.28155944,,,
future_end,2090,9,3495,46695,CGCM3.1 (T47),High (A2),20.473238,27.0913944,23.7823162,296.9323162,,20.7014294,1.12293185,27.4951033,0.90734347,,,
future_end,2090,10,3525,46725,CGCM3.1 (T47),High (A2),15.6256847,22.9106045,19.2681446,292.4181446,,14.3605015,1.08482408,21.851933,0.9621477,,,
future_end,2090,11,3555,46755,CGCM3.1 (T47),High (A2),9.84262276,17.320261,13.58144188,286.7314419,,9.66288887,1.22260711,17.2630306,1.26191671,,,
future_end,2090,12,3585,46785,CGCM3.1 (T47),High (A2),4.85277557,12.176405,8.514590285,281.6645903,,4.39337202,0.50667862,12.2149612,0.43729073,,,
future_end,2091,1,3615,46815,CGCM3.1 (T47),High (A2),3.06753945,11.6794643,7.373501875,280.5235019,,1.44698893,0.86585302,9.22872795,1.24196328,,,
future_end,2091,2,3645,46845,CGCM3.1 (T47),High (A2),0.86485785,9.10006332,4.982460585,278.1324606,,2.18206912,1.34483903,10.1301921,1.19795413,,,
future_end,2091,3,3675,46875,CGCM3.1 (T47),High (A2),3.66470599,11.7462645,7.705485245,280.8554852,,5.36572008,1.53294272,13.425708,1.51030498,,,
future_end,2091,4,3705,46905,CGCM3.1 (T47),High (A2),10.169323,18.157629,14.163476,287.313476,,10.3907069,0.95648492,18.5057142,0.6532869,,,
future_end,2091,5,3735,46935,CGCM3.1 (T47),High (A2),15.3294258,23.3210545,19.32524015,292.4752402,,15.0876882,1.15304734,22.8305726,0.96895007,,,
future_end,2091,6,3765,46965,CGCM3.1 (T47),High (A2),18.5788727,25.5993671,22.0891199,295.2391199,,19.377238,0.94114031,25.9987072,0.81054151,,,
future_end,2091,7,3795,46995,CGCM3.1 (T47),High (A2),23.4738274,29.7274532,26.6006403,299.7506403,,23.5207157,0.74590124,29.3586592,0.94132704,,,
future_end,2091,8,3825,47025,CGCM3.1 (T47),High (A2),23.7810783,29.5715561,26.6763172,299.8263172,,24.07932,0.68647275,30.6496773,1.07998194,,,
future_end,2091,9,3855,47055,CGCM3.1 (T47),High (A2),21.3406525,28.1699162,24.75528435,297.9052844,,20.7329967,1.15896931,27.5094696,0.93026408,,,
future_end,2091,10,3885,47085,CGCM3.1 (T47),High (A2),13.3211517,21.0456314,17.18339155,290.3333916,,14.4484458,1.16135181,21.9305434,1.0557082,,,
future_end,2091,11,3915,47115,CGCM3.1 (T47),High (A2),7.19375134,15.0077496,11.10075047,284.2507505,,9.66036034,1.22197064,17.2196531,1.25531655,,,
future_end,2091,12,3945,47145,CGCM3.1 (T47),High (A2),4.58676147,12.6813641,8.634062785,281.7840628,,4.31830124,0.48430893,12.1559212,0.43499293,,,
future_end,2092,1,3975,47175,CGCM3.1 (T47),High (A2),1.40631211,9.06092262,5.233617365,278.3836174,,1.41328872,0.81177922,9.11701272,1.08452087,,,
future_end,2092,2,4005,47205,CGCM3.1 (T47),High (A2),0.46968588,8.73966503,4.604675455,277.7546755,,2.27123676,1.32325951,10.2482723,1.15815767,,,
future_end,2092,3,4035,47235,CGCM3.1 (T47),High (A2),5.79336309,13.5322199,9.662791495,282.8127915,,5.21585397,1.54845708,13.3441183,1.53683813,,,
future_end,2092,4,4065,47265,CGCM3.1 (T47),High (A2),11.0705013,18.286438,14.67846965,287.8284697,,10.3972454,0.95515128,18.5181776,0.64693387,,,
future_end,2092,5,4095,47295,CGCM3.1 (T47),High (A2),15.2925787,22.9389248,19.11575175,292.2657518,,15.1867318,1.08243519,22.9211781,0.92011658,,,
future_end,2092,6,4125,47325,CGCM3.1 (T47),High (A2),20.1145592,26.9443932,23.5294762,296.6794762,,19.4594907,0.90937693,26.1045341,0.77569779,,,
future_end,2092,7,4155,47355,CGCM3.1 (T47),High (A2),23.8141632,29.8530903,26.83362675,299.9836268,,23.6023969,0.74140733,29.5786516,1.07579193,,,
future_end,2092,8,4185,47385,CGCM3.1 (T47),High (A2),25.0239277,31.3126335,28.1682806,301.3182806,,24.1606622,0.70898455,30.6964827,1.09406126,,,
future_end,2092,9,4215,47415,CGCM3.1 (T47),High (A2),21.6407337,28.3751221,25.0079279,298.1579279,,20.9895769,1.12208799,27.6722922,0.96779514,,,
future_end,2092,10,4245,47445,CGCM3.1 (T47),High (A2),14.4499302,21.6553268,18.0526285,291.2026285,,14.5297011,1.12695146,22.0453389,1.0133744,,,
future_end,2092,11,4275,47475,CGCM3.1 (T47),High (A2),10.6466522,19.0346203,14.84063625,287.9906363,,9.74979947,1.16089249,17.3420205,1.18493088,,,
future_end,2092,12,4305,47505,CGCM3.1 (T47),High (A2),3.31490254,11.5203762,7.41763937,280.5676394,,4.42763853,0.566166,12.2374697,0.43920299,,,
future_end,2093,1,4335,47535,CGCM3.1 (T47),High (A2),0.42338574,8.34467506,4.3840304,277.5340304,,1.54475819,0.98640868,9.15394107,1.12980184,,,
future_end,2093,2,4365,47565,CGCM3.1 (T47),High (A2),2.1786592,10.0581675,6.11841335,279.2684134,,2.45863392,1.39689076,10.4588662,1.21819999,,,
future_end,2093,3,4395,47595,CGCM3.1 (T47),High (A2),5.18536568,13.7710743,9.47821999,282.62822,,5.29840021,1.48754295,13.4877386,1.4373559,,,
future_end,2093,4,4425,47625,CGCM3.1 (T47),High (A2),10.7831106,19.3140087,15.04855965,288.1985597,,10.388318,0.96816842,18.5210001,0.64218291,,,
future_end,2093,5,4455,47655,CGCM3.1 (T47),High (A2),13.2964449,22.1097298,17.70308735,290.8530874,,15.2608174,1.11249821,23.1066185,1.04052261,,,
future_end,2093,6,4485,47685,CGCM3.1 (T47),High (A2),18.3785973,25.159853,21.76922515,294.9192252,,19.4571299,0.90803746,26.1289952,0.76633,,,
future_end,2093,7,4515,47715,CGCM3.1 (T47),High (A2),23.6792088,29.173666,26.4264374,299.5764374,,23.6729502,0.76712583,29.8003849,0.9674694,,,
future_end,2093,8,4545,47745,CGCM3.1 (T47),High (A2),23.6613274,30.4410915,27.05120945,300.2012095,,24.2330756,0.76956179,30.8990973,1.15171668,,,
future_end,2093,9,4575,47775,CGCM3.1 (T47),High (A2),20.0096664,26.4420986,23.2258825,296.3758825,,21.1848547,0.94628549,27.8651593,0.77115809,,,
future_end,2093,10,4605,47805,CGCM3.1 (T47),High (A2),13.121995,21.1857319,17.15386345,290.3038635,,14.6782755,0.91392733,22.2172491,0.79100091,,,
future_end,2093,11,4635,47835,CGCM3.1 (T47),High (A2),11.3377161,18.659893,14.99880455,288.1488046,,9.92212894,1.36351174,17.4891683,1.38289805,,,
future_end,2093,12,4665,47865,CGCM3.1 (T47),High (A2),3.99176645,11.9054108,7.948588625,281.0985886,,4.65314406,0.97975428,12.4786898,0.98316805,,,
future_end,2094,1,4695,47895,CGCM3.1 (T47),High (A2),1.46288586,8.26080894,4.8618474,278.0118474,,1.62715764,1.02383023,9.29808504,1.18140537,,,
future_end,2094,2,4725,47925,CGCM3.1 (T47),High (A2),3.70898628,11.3035965,7.50629139,280.6562914,,2.10877118,1.18937927,10.0495775,1.06866981,,,
future_end,2094,3,4755,47955,CGCM3.1 (T47),High (A2),5.98053741,14.0446177,10.01257756,283.1625776,,5.04147961,1.69844646,13.164181,1.6846181,,,
future_end,2094,4,4785,47985,CGCM3.1 (T47),High (A2),10.9792099,19.4062939,15.1927519,288.3427519,,10.4671007,0.98869655,18.5457509,0.66802938,,,
future_end,2094,5,4815,48015,CGCM3.1 (T47),High (A2),15.6167021,22.8995113,19.2581067,292.4081067,,15.3362787,1.00923199,23.2144389,0.87945223,,,
future_end,2094,6,4845,48045,CGCM3.1 (T47),High (A2),20.6843643,27.4181671,24.0512657,297.2012657,,19.5428652,0.83770547,26.1915063,0.70576885,,,
future_end,2094,7,4875,48075,CGCM3.1 (T47),High (A2),24.536211,30.6130142,27.5746126,300.7246126,,23.6972127,0.76198632,29.8590887,0.92798906,,,
future_end,2094,8,4905,48105,CGCM3.1 (T47),High (A2),24.9438457,32.5499916,28.74691865,301.8969187,,24.3637475,0.56781506,30.9975751,0.98182152,,,
future_end,2094,9,4935,48135,CGCM3.1 (T47),High (A2),20.9110699,28.069128,24.49009895,297.640099,,21.3415264,0.75014191,28.0009271,0.72074736,,,
future_end,2094,10,4965,48165,CGCM3.1 (T47),High (A2),14.8684416,22.4519348,18.6601882,291.8101882,,14.6451728,0.90482967,22.2470037,0.78682253,,,
future_end,2094,11,4995,48195,CGCM3.1 (T47),High (A2),9.05473137,16.7914448,12.92308809,286.0730881,,10.0012435,1.4183908,17.5738974,1.44241254,,,
future_end,2094,12,5025,48225,CGCM3.1 (T47),High (A2),3.92921185,11.702898,7.816054925,280.9660549,,4.48115995,1.1112193,12.2097118,1.25930176,,,
future_end,2095,1,5055,48255,CGCM3.1 (T47),High (A2),0.75383711,8.6898365,4.721836805,277.8718368,,1.95901262,1.31182572,9.60288403,1.40634018,,,
future_end,2095,2,5085,48285,CGCM3.1 (T47),High (A2),1.96603739,10.3082228,6.137130095,279.2871301,,2.06188071,1.23986866,9.93916277,1.1997141,,,
future_end,2095,3,5115,48315,CGCM3.1 (T47),High (A2),7.44651175,15.7543707,11.60044123,284.7504412,,5.08802221,1.677593,13.2205026,1.65225155,,,
future_end,2095,4,5145,48345,CGCM3.1 (T47),High (A2),9.45576572,17.7595615,13.60766361,286.7576636,,10.5855006,0.92617092,18.5362896,0.67031117,,,
future_end,2095,5,5175,48375,CGCM3.1 (T47),High (A2),15.0399818,22.4863548,18.7631683,291.9131683,,15.2908003,0.94414106,23.1927915,0.85665486,,,
future_end,2095,6,5205,48405,CGCM3.1 (T47),High (A2),18.4088173,25.7948914,22.10185435,295.2518544,,19.5845396,0.88236775,26.1984244,0.70469591,,,
future_end,2095,7,5235,48435,CGCM3.1 (T47),High (A2),21.8963547,27.7042103,24.8002825,297.9502825,,23.7836675,0.75251158,29.7438134,0.93782716,,,
future_end,2095,8,5265,48465,CGCM3.1 (T47),High (A2),24.4711666,30.9511261,27.71114635,300.8611464,,24.431492,0.52137502,31.0352173,0.94830536,,,
future_end,2095,9,5295,48495,CGCM3.1 (T47),High (A2),22.6011543,28.2674522,25.43430325,298.5843033,,21.3122864,0.76626954,27.9169863,0.82541472,,,
future_end,2095,10,5325,48525,CGCM3.1 (T47),High (A2),15.8399429,23.402504,19.62122345,292.7712235,,14.7669673,1.01156536,22.3529483,0.83697047,,,
future_end,2095,11,5355,48555,CGCM3.1 (T47),High (A2),8.50531673,15.7532988,12.12930777,285.2793078,,9.75298821,1.52977542,17.4284854,1.52256417,,,
future_end,2095,12,5385,48585,CGCM3.1 (T47),High (A2),4.3464241,12.1957207,8.2710724,281.4210724,,4.32276877,1.16858814,12.0285553,1.33516756,,,
future_end,2096,1,5415,48615,CGCM3.1 (T47),High (A2),0.53009337,8.16904926,4.349571315,277.4995713,,2.03939692,1.35392792,9.72161131,1.42311664,,,
future_end,2096,2,5445,48645,CGCM3.1 (T47),High (A2),3.53815198,10.8292885,7.18372024,280.3337202,,2.07265769,1.30639313,9.91827946,1.26250047,,,
future_end,2096,3,5475,48675,CGCM3.1 (T47),High (A2),8.16664886,15.9013662,12.03400753,285.1840075,,5.24526904,1.68071614,13.3597468,1.67220966,,,
future_end,2096,4,5505,48705,CGCM3.1 (T47),High (A2),12.5661125,19.2934246,15.92976855,289.0797686,,10.615632,0.97057011,18.5679083,0.69786969,,,
future_end,2096,5,5535,48735,CGCM3.1 (T47),High (A2),16.7678204,24.6696033,20.71871185,293.8687119,,15.3064576,0.99370556,23.2314491,0.89282263,,,
future_end,2096,6,5565,48765,CGCM3.1 (T47),High (A2),20.6117496,27.1518955,23.88182255,297.0318226,,19.6188341,0.92233736,26.2437092,0.72574752,,,
future_end,2096,7,5595,48795,CGCM3.1 (T47),High (A2),24.7251949,29.4760799,27.1006374,300.2506374,,23.8186029,0.78375756,29.6910101,0.97116749,,,
future_end,2096,8,5625,48825,CGCM3.1 (T47),High (A2),24.5851784,31.9659233,28.27555085,301.4255509,,24.4876186,0.51335471,31.0481871,0.9985727,,,
future_end,2096,9,5655,48855,CGCM3.1 (T47),High (A2),22.0749397,28.9139347,25.4944372,298.6444372,,21.3961912,0.75257246,27.9995455,0.8207945,,,
future_end,2096,10,5685,48885,CGCM3.1 (T47),High (A2),15.7766161,23.4152374,19.59592675,292.7459268,,14.6810955,1.02314925,22.2971827,0.86043381,,,
future_end,2096,11,5715,48915,CGCM3.1 (T47),High (A2),9.92741394,17.1768627,13.55213832,286.7021383,,9.74402475,1.61222036,17.4393079,1.60447751,,,
future_end,2096,12,5745,48945,CGCM3.1 (T47),High (A2),4.07717276,11.876152,7.97666238,281.1266624,,4.2697681,1.21778417,12.0137703,1.40644069,,,
future_end,2097,1,5775,48975,CGCM3.1 (T47),High (A2),2.46835661,10.0487814,6.258569005,279.408569,,1.92515886,1.3839959,9.50407208,1.32137478,,,
future_end,2097,2,5805,49005,CGCM3.1 (T47),High (A2),2.42357111,10.4777288,6.450649955,279.60065,,2.20685767,1.31049132,10.0091924,1.30390293,,,
future_end,2097,3,5835,49035,CGCM3.1 (T47),High (A2),4.32152748,12.4857435,8.40363549,281.5536355,,5.42088715,1.68253922,13.5390227,1.66860655,,,
future_end,2097,4,5865,49065,CGCM3.1 (T47),High (A2),10.2527046,18.2792339,14.26596925,287.4159693,,10.6652219,1.0159191,18.6134949,0.7242381,,,
future_end,2097,5,5895,49095,CGCM3.1 (T47),High (A2),14.9575109,22.9114113,18.9344611,292.0844611,,15.3039056,1.05394915,23.221493,0.94639242,,,
future_end,2097,6,5925,49125,CGCM3.1 (T47),High (A2),19.5459309,26.3962727,22.9711018,296.1211018,,19.7343854,0.89823906,26.3153027,0.73135814,,,
future_end,2097,7,5955,49155,CGCM3.1 (T47),High (A2),23.973608,31.2390289,27.60631845,300.7563185,,23.8569113,0.82131033,29.6869609,1.02998914,,,
future_end,2097,8,5985,49185,CGCM3.1 (T47),High (A2),24.742918,31.227766,27.985342,301.135342,,24.5661231,0.47659361,31.2122572,0.90495973,,,
future_end,2097,9,6015,49215,CGCM3.1 (T47),High (A2),22.1234398,28.6852722,25.404356,298.554356,,21.4023622,0.79795523,27.9806154,0.8682656,,,
future_end,2097,10,6045,49245,CGCM3.1 (T47),High (A2),14.4956236,22.2724857,18.38405465,291.5340547,,14.8322004,0.9595942,22.4362439,0.78443406,,,
future_end,2097,11,6075,49275,CGCM3.1 (T47),High (A2),9.4573307,17.3158436,13.38658715,286.5365872,,10.0273885,1.42156345,17.709481,1.44047367,,,
future_end,2097,12,6105,49305,CGCM3.1 (T47),High (A2),5.33180428,12.6657267,8.99876549,282.1487655,,4.23454661,1.28624136,11.9395932,1.47086187,,,
future_end,2098,1,6135,49335,CGCM3.1 (T47),High (A2),3.2877934,10.5727501,6.93027175,280.0802718,,1.99001471,1.46486006,9.55946577,1.40139325,,,
future_end,2098,2,6165,49365,CGCM3.1 (T47),High (A2),3.88143301,11.8198004,7.850616705,281.0006167,,2.42400414,1.21561939,10.1678833,1.297698,,,
future_end,2098,3,6195,49395,CGCM3.1 (T47),High (A2),4.69277477,13.2694082,8.981091485,282.1310915,,5.37432766,1.79250125,13.539873,1.78381335,,,
future_end,2098,4,6225,49425,CGCM3.1 (T47),High (A2),9.06895256,17.5488033,13.30887793,286.4588779,,10.6145619,1.07384157,18.654377,0.76306053,,,
future_end,2098,5,6255,49455,CGCM3.1 (T47),High (A2),16.0360985,24.6124744,20.32428645,293.4742865,,15.3053215,1.12670989,23.256814,1.00537438,,,
future_end,2098,6,6285,49485,CGCM3.1 (T47),High (A2),19.9140434,25.9828701,22.94845675,296.0984568,,19.6868637,0.94808594,26.2366664,0.7400631,,,
future_end,2098,7,6315,49515,CGCM3.1 (T47),High (A2),24.275671,30.4553299,27.36550045,300.5155005,,23.8622549,0.87785041,29.6661947,1.09908873,,,
future_end,2098,8,6345,49545,CGCM3.1 (T47),High (A2),25.1573582,32.2026482,28.6800032,301.8300032,,24.5088975,0.47529669,31.1997101,0.96660541,,,
future_end,2098,9,6375,49575,CGCM3.1 (T47),High (A2),21.3148384,28.0236111,24.66922475,297.8192248,,21.3725657,0.8476806,27.9313021,0.9146421,,,
future_end,2098,10,6405,49605,CGCM3.1 (T47),High (A2),14.0910625,22.015873,18.05346775,291.2034678,,14.8799841,1.01433803,22.5338585,0.77796749,,,
future_end,2098,11,6435,49635,CGCM3.1 (T47),High (A2),12.1329174,19.795208,15.9640627,289.1140627,,9.9499805,1.49930067,17.5438386,1.44539771,,,
future_end,2098,12,6465,49665,CGCM3.1 (T47),High (A2),7.0694418,15.1427574,11.1060996,284.2560996,,4.34950212,1.32470328,11.9919953,1.56341048,,,
future_end,2099,1,6495,49695,CGCM3.1 (T47),High (A2),2.45413041,10.3949013,6.424515855,279.5745159,,2.21381885,1.42687074,9.73300729,1.41779102,,,
future_end,2099,2,6525,49725,CGCM3.1 (T47),High (A2),1.05671883,8.38290119,4.71981001,277.86981,,2.45905342,1.30864562,10.183557,1.4008559,,,
future_end,2099,3,6555,49755,CGCM3.1 (T47),High (A2),2.56808281,10.461935,6.515008905,279.6650089,,5.40132223,1.93436542,13.5068442,1.9240946,,,
future_end,2099,4,6585,49785,CGCM3.1 (T47),High (A2),11.0927839,19.29142,15.19210195,288.342102,,10.5904835,1.15754647,18.5601439,0.77228626,,,
future_end,2099,5,6615,49815,CGCM3.1 (T47),High (A2),14.3938055,22.44981,18.42180775,291.5718078,,15.5923038,0.84402103,23.4206832,0.96364495,,,
future_end,2099,6,6645,49845,CGCM3.1 (T47),High (A2),19.3205872,25.8557987,22.58819295,295.738193,,19.8737589,0.85009793,26.3904969,0.6466168,,,
future_end,2099,7,6675,49875,CGCM3.1 (T47),High (A2),23.6712933,29.5731716,26.62223245,299.7722325,,23.8884043,0.94481542,29.7365559,1.16752821,,,
future_end,2099,8,6705,49905,CGCM3.1 (T47),High (A2),24.0785618,29.8168697,26.94771575,300.0977158,,24.629979,0.35598417,31.3080842,0.99016542,,,
future_end,2099,9,6735,49935,CGCM3.1 (T47),High (A2),21.1595097,28.4279728,24.79374125,297.9437413,,21.5672656,0.69607064,28.1440454,0.74402578,,,
future_end,2099,10,6765,49965,CGCM3.1 (T47),High (A2),14.7068653,22.295063,18.50096415,291.6509642,,15.1311255,0.78210633,22.7264481,0.59993797,,,
future_end,2099,11,6795,49995,CGCM3.1 (T47),High (A2),11.2739573,18.8995991,15.0867782,288.2367782,,9.75173255,1.50190943,17.3844023,1.48327929,,,
future_end,2099,12,6825,50025,CGCM3.1 (T47),High (A2),2.89471912,9.81840038,6.35655975,279.5065598,,4.40060721,1.42229946,12.0043646,1.68825346,,,
future_end,2100,1,6855,50055,CGCM3.1 (T47),High (A2),4.53963518,11.9949236,8.26727939,281.4172794,,2.33897435,1.52038658,9.97837369,1.38073837,,,
future_end,2100,2,6885,50085,CGCM3.1 (T47),High (A2),0.63847536,8.1633606,4.40091798,277.550918,,2.25073128,1.30019993,9.99688371,1.43602322,,,
future_end,2100,3,6915,50115,CGCM3.1 (T47),High (A2),4.63317251,12.6304684,8.631820455,281.7818205,,5.30478636,2.10043864,13.4172153,2.0916711,,,
future_end,2100,4,6945,50145,CGCM3.1 (T47),High (A2),10.7178555,18.3422699,14.5300627,287.6800627,,10.5256958,1.25404865,18.4191189,0.74071024,,,
future_end,2100,5,6975,50175,CGCM3.1 (T47),High (A2),16.3342075,23.915617,20.12491225,293.2749123,,15.5882374,0.9245036,23.5075452,1.0251614,,,
future_end,2100,6,7005,50205,CGCM3.1 (T47),High (A2),20.6308193,26.1335831,23.3822012,296.5322012,,19.738658,0.84491469,26.2192186,0.5052833,,,
future_end,2100,7,7035,50235,CGCM3.1 (T47),High (A2),24.1404972,29.0950565,26.61777685,299.7677769,,23.7804365,0.98655575,29.5904795,1.20685738,,,
future_end,2100,8,7065,50265,CGCM3.1 (T47),High (A2),24.4308243,30.4422646,27.43654445,300.5865445,,24.5776679,0.35928187,31.1010997,0.90367867,,,
future_end,2100,9,7095,50295,CGCM3.1 (T47),High (A2),20.7859077,26.6209469,23.7034273,296.8534273,,21.6766316,0.69350236,28.1565317,0.81423561,,,
future_end,2100,10,7125,50325,CGCM3.1 (T47),High (A2),16.1393261,23.2320385,19.6856823,292.8356823,,15.1749061,0.84730615,22.7722003,0.64368258,,,
future_end,2100,11,7155,50355,CGCM3.1 (T47),High (A2),7.91046047,15.958559,11.93450974,285.0845097,,9.86789942,1.61044171,17.4832285,1.59940653,,,
future_end,2100,12,7185,50385,CGCM3.1 (T47),High (A2),3.15547657,10.6288967,6.892186635,280.0421866,,4.4791731,1.54132186,12.054609,1.84364689,,,