Time,J,A,S,tau
0,100,100,0.838938994,2.092050209
1,86.10706391,207.1400743,0.625966951,2.514324854
2,175.3935731,248.2055497,0.467080565,2.936522792
3,282.7767192,251.4287064,0.348572259,3.358482058
4,376.4201738,226.9998896,0.290878903,3.619284358
5,416.8910359,213.9599941,0.291267471,3.617170767
6,431.0544156,217.6768812,0.291821072,3.614163299
7,444.3767009,222.3942191,0.292539768,3.610265603
8,461.3976304,220.5851364,0.293423572,3.60548276
9,474.120096,215.3657454,0.294472439,3.599821276
10,479.2248543,212.8838753,0.295686263,3.59328907
11,481.1167557,213.0133728,0.297064877,3.585895459
12,483.7845466,213.4173508,0.29860804,3.577651135
13,487.6015321,213.0138756,0.300315433,3.568568141
14,491.290836,212.7657504,0.302186655,3.558659846
15,494.7835709,213.4425775,0.304221212,3.547940907
16,498.9777288,214.9673868,0.306418508,3.536427241
17,504.5546724,216.9598124,0.308777842,3.524135979
18,511.5686155,219.4040676,0.311298396,3.511085426
19,519.9685515,222.5281693,0.313979226,3.497295012
20,529.9568691,226.4898761,0.316819256,3.482785247
21,541.8724223,231.3086633,0.319817267,3.467577665
22,555.971593,237.0155345,0.322971889,3.451694774
23,572.487375,243.7154464,0.326281594,3.435159987
24,591.6875223,251.5567062,0.329744687,3.417997577
25,613.9238108,260.6817301,0.333359298,3.400232606
26,639.613584,271.2373877,0.337123376,3.381890859
27,669.2282193,283.4042922,0.341034682,3.362998788
28,703.3020049,297.4101718,0.345090783,3.343583441
29,742.4720794,313.5233392,0.349289049,3.323672389
30,787.5265443,332.0514823,0.353626647,3.303293669
31,839.3788547,353.363612,0.358100536,3.282475705
32,899.1263555,377.9029274,0.362707471,3.261247247
33,968.079406,406.2032795,0.367443997,3.239637298
34,1047.822687,438.9053397,0.37230645,3.217675046
35,1140.286371,476.7800083,0.377290963,3.195389798
36,1247.804794,520.764628,0.382393463,3.172810915
37,1373.222257,572.0026441,0.387609676,3.149967741
38,1520.012035,631.8939538,0.392935139,3.126889544
39,1692.483627,702.1520393,0.398365196,3.103605451
40,1895.942396,784.8942887,0.403895016,3.080144386
41,2136.977167,882.7456339,0.409519597,3.056535014
42,2423.801536,998.9755385,0.415233776,3.032805683
43,2766.731275,1137.671175,0.421032244,3.00898437
44,3178.751198,1303.971854,0.426909556,2.985098626
45,3676.316644,1504.369167,0.432860145,2.961175533
46,4280.355702,1747.109893,0.438878338,2.93724165
47,5017.604017,2042.721831,0.44495837,2.913322976
48,5922.546539,2404.701803,0.451094401,2.889444904
49,7039.730195,2850.46541,0.457280531,2.865632184
50,8427.073633,3402.602134,0.463510821,2.841908891
51,10160.29197,4090.573285,0.469779304,2.818298389
52,12338.93404,4953.017843,0.476080009,2.794823304
53,15094.78933,6040.884029,0.482406975,2.771505499
54,18603.10785,7421.767185,0.48875427,2.748366048
55,23098.43766,9185.862932,0.495116007,2.725425219
56,28896.56803,11454.23315,0.501486363,2.702702454
57,36425.10603,14390.36052,0.507859593,2.68021636
58,46266.89854,18216.321,0.514230049,2.657984689
59,59221.40559,23235.64371,0.520592194,2.636024339
60,76391.65573,29865.77243,0.526940614,2.614351341
61,99309.05437,38684.4278,0.533270036,2.592980858
62,130113.9776,50496.10994,0.53957534,2.571927185
63,171816.0076,66428.31391,0.545851566,2.551203748
64,228676.5367,88071.14929,0.552093932,2.53082311
65,306766.365,117681.744,0.558297839,2.510796974
66,414790.7609,158484.7561,0.564458879,2.491136193
67,565315.7728,215116.8232,0.570572846,2.471850779
68,776600.0427,294288.4205,0.576635739,2.452949912
69,1075345.203,405775.3592,0.582643768,2.434441956
70,1500865.105,563911.4819,0.58859336,2.416334472
71,2111430.028,789852.2148,0.594481158,2.398634234
72,2993968.309,1115027.307,0.600304024,2.381347244
73,4279031.135,1586436.723,0.606059044,2.364478753
74,6163984.856,2274826.081,0.61174352,2.348033278
75,8949185.449,3287383.779,0.617354975,2.332014623
76,13094733.47,4787578.381,0.622891148,2.316425899
77,19310090.13,7026339.574,0.62834999,2.301269547
78,28696519.91,10391353.63,0.633729664,2.286547356
79,42974522.47,15485500.36,0.639028537,2.272260489
80,64849538.07,23252338.43,0.644245176,2.258409506
81,98603413.75,35178123.02,0.649378341,2.244994382
82,151056723.9,53618850.35,0.654426981,2.232014535
83,233142830.7,82332943.67,0.659390226,2.21946885
84,362500055.1,127353732.6,0.664267381,2.207355696
85,567759476.5,198426868.5,0.669057915,2.195672954
86,895692229.4,311391537.4,0.673761459,2.18441804
87,1423164454,492148351,0.678377792,2.173587926
88,2277277601,783306615.5,0.682906838,2.163179161
89,3669459429,1255383066,0.687348657,2.1531879
90,5953505844,2025768738,0.691703432,2.143609916
91,9724921755,3291030237,0.69597147,2.134440629
92,15991830974,5382201407,0.700153184,2.125675126
93,26470653113,8859935103,0.704249094,2.117308178
94,44100034474,14679083844,0.708259811,2.109334262
95,73939078389,24474798972,0.712186037,2.101747583
96,1.24744E+11,41062402432,0.716028553,2.094542089
97,2.11754E+11,69314834336,0.71978821,2.087711493
98,3.61621E+11,1.17711E+11,0.723465929,2.081249287
99,6.2121E+11,2.01078E+11,0.727062688,2.075148763
100,1.07333E+12,3.45477E+11,0.730579516,2.069403028
101,1.86502E+12,5.9694E+11,0.73401749,2.06400502
102,3.25866E+12,1.03716E+12,0.737377729,2.058947523
103,5.72459E+12,1.81182E+12,0.740661383,2.054223184
104,1.01099E+13,3.18187E+12,0.743869635,2.049824525
105,1.79468E+13,5.61688E+12,0.747003689,2.045743958
106,3.20196E+13,9.96556E+12,0.750064772,2.041973799
107,5.74084E+13,1.77683E+13,0.753054125,2.038506276
108,1.03422E+14,3.1833E+13,0.755972999,2.035333549
109,1.87184E+14,5.7298E+13,0.758822652,2.032447712
110,3.40322E+14,1.03604E+14,0.761604349,2.029840813
111,6.21474E+14,1.88166E+14,0.764319351,2.027504857
112,1.13976E+15,3.43222E+14,0.766968919,2.025431821
113,2.09895E+15,6.28674E+14,0.769554307,2.023613658
114,3.88096E+15,1.15622E+15,0.772076762,2.022042314
115,7.20391E+15,2.13483E+15,0.774537519,2.020709726
116,1.34E+16,3.95683E+15,0.776937802,2.01960784
117,2.51E+16,7.36101E+15,0.779278819,2.018728612
118,4.71E+16,1.37E+16,0.781561762,2.018064016
119,8.87E+16,2.57E+16,0.783787807,2.017606054
120,1.68E+17,4.84E+16,0.785958108,2.017346758
121,3.18E+17,9.13E+16,0.788073801,2.0172782
122,6.04E+17,1.73E+17,0.790136,2.017392493
123,1.15E+18,3.28E+17,0.792145797,2.017681802
124,2.20E+18,6.23E+17,0.79410426,2.018138344
125,4.22E+18,1.19E+18,0.796012435,2.018754395
126,8.12E+18,2.28E+18,0.797871343,2.019522294
127,1.56E+19,4.37E+18,0.799681981,2.020434447
128,3.02E+19,8.40E+18,0.801445322,2.021483331
129,5.85E+19,1.62E+19,0.803162313,2.0226615
130,1.14E+20,3.13E+19,0.804833876,2.023961584
131,2.21E+20,6.06E+19,0.806460909,2.025376294
132,4.30E+20,1.18E+20,0.808044285,2.026898429
133,8.40E+20,2.29E+20,0.809584851,2.028520871
134,1.64E+21,4.45E+20,0.811083429,2.030236598
135,3.22E+21,8.69E+20,0.812540819,2.032038676
136,6.32E+21,1.70E+21,0.813957794,2.03392027
137,1.24E+22,3.33E+21,0.815335104,2.035874643
138,2.45E+22,6.53E+21,0.816673476,2.037895156
139,4.83E+22,1.28E+22,0.817973611,2.039975274
140,9.53E+22,2.52E+22,0.819236191,2.042108568
141,1.88E+23,4.97E+22,0.820461873,2.044288714
142,3.73E+23,9.81E+22,0.82165129,2.046509497
143,7.39E+23,1.94E+23,0.822805056,2.048764814
144,1.47E+24,3.83E+23,0.823923764,2.051048674
145,2.91E+24,7.58E+23,0.825007983,2.0533552
146,5.79E+24,1.50E+24,0.826058263,2.055678631
147,1.15E+25,2.98E+24,0.827075134,2.058013325
148,2.29E+25,5.92E+24,0.828059107,2.060353758
149,4.57E+25,1.18E+25,0.829010672,2.062694531
150,9.12E+25,2.34E+25,0.829930301,2.065030365
151,1.82E+26,4.66E+25,0.830818447,2.067356105
152,3.64E+26,9.28E+25,0.831675547,2.069666727
153,7.27E+26,1.85E+26,0.832502017,2.071957331
154,1.45E+27,3.69E+26,0.833298258,2.074223148
155,2.91E+27,7.37E+26,0.834064655,2.076459542
156,5.82E+27,1.47E+27,0.834801574,2.078662007
157,1.17E+28,2.94E+27,0.835509366,2.080826176
158,2.34E+28,5.88E+27,0.836188367,2.082947814
159,4.68E+28,1.18E+28,0.836838896,2.085022826
160,9.39E+28,2.35E+28,0.837461259,2.087047258
161,1.88E+29,4.71E+28,0.838055745,2.089017294
162,3.78E+29,9.44E+28,0.83862263,2.090929264
163,7.58E+29,1.89E+29,0.839162176,2.092779639
164,1.52E+30,3.79E+29,0.839674629,2.094565038
165,3.06E+30,7.60E+29,0.840160224,2.096282227
166,6.14E+30,1.52E+30,0.840619182,2.097928121
167,1.23E+31,3.06E+30,0.841051709,2.099499784
168,2.48E+31,6.13E+30,0.841458,2.100994433
169,4.98E+31,1.23E+31,0.841838237,2.102409438
170,1.00E+32,2.47E+31,0.842192588,2.103742323
171,2.01E+32,4.96E+31,0.842521211,2.104990768
172,4.04E+32,9.97E+31,0.842824251,2.10615261
173,8.12E+32,2.00E+32,0.84310184,2.107225843
174,1.63E+33,4.02E+32,0.843354099,2.108208621
175,3.28E+33,8.08E+32,0.843581137,2.109099261
176,6.60E+33,1.62E+33,0.843783051,2.109896236
177,1.33E+34,3.26E+33,0.843959928,2.110598187
178,2.67E+34,6.56E+33,0.844111843,2.111203914
179,5.37E+34,1.32E+34,0.844238858,2.111712382
180,1.08E+35,2.65E+34,0.844341026,2.112122722
181,2.17E+35,5.33E+34,0.844418388,2.112434228
182,4.36E+35,1.07E+35,0.844470973,2.112646362
183,8.77E+35,2.15E+35,0.844498801,2.112758751
184,1.76E+36,4.33E+35,0.844501879,2.112771188
185,3.55E+36,8.71E+35,0.844480204,2.112683633
186,7.13E+36,1.75E+36,0.844433762,2.112496214
187,1.43E+37,3.52E+36,0.844362526,2.112209226
188,2.88E+37,7.08E+36,0.844266461,2.111823128
189,5.79E+37,1.42E+37,0.84414552,2.11133855
190,1.16E+38,2.86E+37,0.843999643,2.110756286
191,2.34E+38,5.75E+37,0.84382876,2.110077296
192,4.70E+38,1.16E+38,0.843632791,2.109302708
193,9.43E+38,2.33E+38,0.843411644,2.108433814
194,1.89E+39,4.67E+38,0.843165214,2.107472071
195,3.81E+39,9.40E+38,0.842893386,2.106419099
196,7.64E+39,1.89E+39,0.842596033,2.105276684
197,1.53E+40,3.80E+39,0.842273016,2.104046772
198,3.08E+40,7.63E+39,0.841924185,2.102731472
199,6.18E+40,1.53E+40,0.841549378,2.101333054
200,1.24E+41,3.08E+40,0.841148419,2.099853945
201,2.48E+41,6.18E+40,0.840721121,2.098296735
202,4.98E+41,1.24E+41,0.840267284,2.096664166
203,9.98E+41,2.49E+41,0.839786696,2.094959141
204,2.00E+42,5.00E+41,0.839279132,2.093184715
205,4.01E+42,1.00E+42,0.838744352,2.091344096
206,8.02E+42,2.01E+42,0.838182104,2.089440645
207,1.60E+43,4.03E+42,0.837592123,2.087477874
208,3.21E+43,8.08E+42,0.836974129,2.085459443
209,6.41E+43,1.62E+43,0.836327828,2.083389161
210,1.28E+44,3.24E+43,0.835652911,2.08127098
211,2.56E+44,6.48E+43,0.834949054,2.079109
212,5.11E+44,1.30E+44,0.83421592,2.07690746
213,1.02E+45,2.59E+44,0.833453154,2.074670744
214,2.03E+45,5.18E+44,0.832660387,2.072403372
215,4.04E+45,1.03E+45,0.831837232,2.070110003
216,8.04E+45,2.06E+45,0.830983287,2.067795431
217,1.60E+46,4.11E+45,0.830098132,2.065464585
218,3.18E+46,8.20E+45,0.829181332,2.063122525
219,6.30E+46,1.63E+46,0.828232432,2.060774443
220,1.25E+47,3.24E+46,0.82725096,2.058425658
221,2.48E+47,6.45E+46,0.826236424,2.056081616
222,4.90E+47,1.28E+47,0.825188316,2.053747887
223,9.68E+47,2.54E+47,0.824106107,2.051430165
224,1.91E+48,5.02E+47,0.822989249,2.049134263
225,3.77E+48,9.94E+47,0.821837173,2.046866113
226,7.41E+48,1.96E+48,0.820649291,2.044631763
227,1.46E+49,3.87E+48,0.819424993,2.042437375
228,2.86E+49,7.63E+48,0.818163649,2.040289224
229,5.60E+49,1.50E+49,0.816864606,2.038193693
230,1.10E+50,2.95E+49,0.815527191,2.036157272
231,2.14E+50,5.78E+49,0.814150707,2.034186556
232,4.17E+50,1.13E+50,0.812734435,2.032288244
233,8.12E+50,2.21E+50,0.811277634,2.030469129
234,1.58E+51,4.31E+50,0.809779539,2.028736106
235,3.05E+51,8.38E+50,0.808239363,2.027096161
236,5.90E+51,1.63E+51,0.806656293,2.025556369
237,1.14E+52,3.15E+51,0.805029495,2.024123894
238,2.19E+52,6.10E+51,0.80335811,2.022805985
239,4.21E+52,1.18E+52,0.801641257,2.021609968
240,8.06E+52,2.26E+52,0.799878028,2.020543248
241,1.54E+53,4.34E+52,0.798067494,2.019613302
242,2.93E+53,8.30E+52,0.796208703,2.018827676
243,5.56E+53,1.58E+53,0.794300678,2.01819398
244,1.05E+54,3.01E+53,0.79234242,2.017719884
245,1.99E+54,5.71E+53,0.790332909,2.017413111
246,3.74E+54,1.08E+54,0.788271102,2.017281438
247,7.01E+54,2.04E+54,0.786155935,2.017332682
248,1.31E+55,3.82E+54,0.783986324,2.017574703
249,2.44E+55,7.15E+54,0.781761166,2.018015391
250,4.52E+55,1.33E+55,0.77947934,2.018662666
251,8.35E+55,2.48E+55,0.777139707,2.019524464
252,1.54E+56,4.58E+55,0.774741114,2.02060874
253,2.82E+56,8.44E+55,0.772282392,2.021923451
254,5.14E+56,1.55E+56,0.769762363,2.023476555
255,9.34E+56,2.83E+56,0.767179835,2.025276
256,1.69E+57,5.15E+56,0.764533612,2.027329716
257,3.05E+57,9.33E+56,0.761822488,2.029645608
258,5.46E+57,1.68E+57,0.759045258,2.032231545
259,9.74E+57,3.02E+57,0.756200715,2.035095349
260,1.73E+58,5.38E+57,0.753287653,2.038244791
261,3.05E+58,9.56E+57,0.750304874,2.041687573
262,5.37E+58,1.69E+58,0.747251191,2.045431321
263,9.38E+58,2.97E+58,0.744125427,2.049483577
264,1.63E+59,5.19E+58,0.740926425,2.053851778
265,2.82E+59,9.03E+58,0.737653048,2.058543252
266,4.84E+59,1.56E+59,0.734304186,2.063565204
267,8.28E+59,2.68E+59,0.730878762,2.068924699
268,1.41E+60,4.58E+59,0.727375731,2.074628651
269,2.38E+60,7.78E+59,0.723794093,2.08068381
270,3.99E+60,1.31E+60,0.720132894,2.087096744
271,6.65E+60,2.20E+60,0.716391233,2.093873828
272,1.10E+61,3.67E+60,0.712568267,2.101021227
273,1.81E+61,6.08E+60,0.708663219,2.108544877
274,2.97E+61,9.99E+60,0.704675385,2.116450475
275,4.82E+61,1.63E+61,0.700604137,2.124743458
276,7.78E+61,2.65E+61,0.696448933,2.133428987
277,1.25E+62,4.27E+61,0.692209323,2.142511928
278,1.99E+62,6.83E+61,0.687884957,2.15199684
279,3.14E+62,1.09E+62,0.683475589,2.161887951
280,4.92E+62,1.71E+62,0.678981089,2.172189142
281,7.67E+62,2.68E+62,0.674401446,2.182903928
282,1.19E+63,4.17E+62,0.669736777,2.194035443
283,1.82E+63,6.43E+62,0.664987334,2.205586416
284,2.77E+63,9.86E+62,0.660153511,2.217559156
285,4.20E+63,1.50E+63,0.655235848,2.22995553
286,6.30E+63,2.26E+63,0.650235044,2.242776948
287,9.38E+63,3.38E+63,0.645151957,2.25602434
288,1.39E+64,5.02E+63,0.639987612,2.269698139
289,2.03E+64,7.41E+63,0.634743209,2.283798266
290,2.96E+64,1.08E+64,0.629420125,2.298324103
291,4.27E+64,1.57E+64,0.624019919,2.313274485
292,6.13E+64,2.26E+64,0.618544339,2.328647672
293,8.71E+64,3.23E+64,0.612995322,2.344441341
294,1.23E+65,4.58E+64,0.607375,2.360652563
295,1.72E+65,6.43E+64,0.601685701,2.377277788
296,2.39E+65,8.97E+64,0.595929948,2.394312829
297,3.28E+65,1.24E+65,0.590110465,2.411752848
298,4.49E+65,1.70E+65,0.584230173,2.429592341
299,6.08E+65,2.32E+65,0.578292189,2.447825124
300,8.18E+65,3.13E+65,0.572299828,2.466444319
301,1.09E+66,4.19E+65,0.566256594,2.485442346
302,1.44E+66,5.57E+65,0.560166183,2.504810907
303,1.90E+66,7.34E+65,0.554032474,2.524540981
304,2.47E+66,9.60E+65,0.547859525,2.544622814
305,3.20E+66,1.25E+66,0.541651564,2.56504591
306,4.10E+66,1.60E+66,0.535412987,2.585799029
307,5.22E+66,2.05E+66,0.529148345,2.606870177
308,6.59E+66,2.60E+66,0.522862335,2.628246609
309,8.27E+66,3.27E+66,0.516559792,2.649914823
310,1.03E+67,4.08E+66,0.510245677,2.671860561
311,1.27E+67,5.05E+66,0.503925067,2.694068815
312,1.56E+67,6.21E+66,0.497603139,2.716523824
313,1.89E+67,7.58E+66,0.49128516,2.739209082
314,2.29E+67,9.18E+66,0.484976474,2.762107347
315,2.74E+67,1.10E+67,0.478682484,2.785200647
316,3.26E+67,1.32E+67,0.472408645,2.808470292
317,3.85E+67,1.56E+67,0.466160442,2.831896889
318,4.52E+67,1.84E+67,0.45994338,2.855460352
319,5.27E+67,2.15E+67,0.453762966,2.879139922
320,6.10E+67,2.49E+67,0.447624699,2.902914185
321,7.02E+67,2.87E+67,0.441534048,2.926761096
322,8.01E+67,3.29E+67,0.435496447,2.950657994
323,9.09E+67,3.74E+67,0.429517271,2.974581637
324,1.03E+68,4.23E+67,0.423601831,2.998508221
325,1.15E+68,4.75E+67,0.417755354,3.022413414
326,1.28E+68,5.30E+67,0.411982976,3.046272384
327,1.42E+68,5.87E+67,0.406289726,3.070059837
328,1.56E+68,6.48E+67,0.400680518,3.093750045
329,1.70E+68,7.10E+67,0.395160139,3.117316891
330,1.85E+68,7.73E+67,0.389733238,3.140733903
331,2.00E+68,8.38E+67,0.384404323,3.163974297
332,2.15E+68,9.03E+67,0.379177747,3.187011019
333,2.30E+68,9.67E+67,0.374057707,3.209816793
334,2.45E+68,1.03E+68,0.369048235,3.23236416
335,2.60E+68,1.09E+68,0.364153195,3.254625535
336,2.74E+68,1.15E+68,0.35937628,3.276573251
337,2.87E+68,1.21E+68,0.354721009,3.298179611
338,3.00E+68,1.27E+68,0.350190726,3.319416939
339,3.11E+68,1.32E+68,0.3457886,3.340257639
340,3.22E+68,1.37E+68,0.341517626,3.360674242
341,3.32E+68,1.41E+68,0.337380624,3.380639467
342,3.41E+68,1.45E+68,0.333380247,3.400126275
343,3.48E+68,1.48E+68,0.329518978,3.419107928
344,3.55E+68,1.51E+68,0.325799137,3.437558045
345,3.60E+68,1.54E+68,0.322222888,3.455450659
346,3.64E+68,1.56E+68,0.318792239,3.47276028
347,3.67E+68,1.57E+68,0.315509053,3.489461947
348,3.69E+68,1.58E+68,0.31237505,3.505531293
349,3.70E+68,1.59E+68,0.309391818,3.520944598
350,3.70E+68,1.59E+68,0.306560816,3.535678847
351,3.69E+68,1.58E+68,0.303883384,3.549711788
352,3.67E+68,1.57E+68,0.301360748,3.563021991
353,3.64E+68,1.56E+68,0.298994031,3.575588895
354,3.60E+68,1.55E+68,0.296784254,3.587392868
355,3.56E+68,1.53E+68,0.294732352,3.59841526
356,3.51E+68,1.51E+68,0.292839172,3.608638449
357,3.46E+68,1.49E+68,0.291105486,3.618045892
358,3.40E+68,1.46E+68,0.289531996,3.626622172
359,3.34E+68,1.44E+68,0.288119338,3.634353043
360,3.28E+68,1.41E+68,0.286868091,3.641225468
361,3.21E+68,1.39E+68,0.285778779,3.647227662
362,3.15E+68,1.36E+68,0.284851878,3.652349128
363,3.08E+68,1.33E+68,0.284087819,3.656580691
364,3.02E+68,1.30E+68,0.28348699,3.659914527
365,2.95E+68,1.27E+68,0.283049742,3.662344191
366,2.89E+68,1.25E+68,0.282776389,3.66386464
367,2.83E+68,1.22E+68,0.282667208,3.664472251
368,2.77E+68,1.19E+68,0.282722442,3.664164842
369,2.71E+68,1.17E+68,0.282942298,3.662941684
370,2.66E+68,1.15E+68,0.283326947,3.660803505
371,2.61E+68,1.12E+68,0.283876521,3.657752498
372,2.56E+68,1.10E+68,0.284591114,3.653792318
373,2.52E+68,1.08E+68,0.285470773,3.648928078
374,2.48E+68,1.07E+68,0.286515498,3.643166345
375,2.44E+68,1.05E+68,0.287725235,3.636515129
376,2.41E+68,1.04E+68,0.289099875,3.628983864
377,2.39E+68,1.03E+68,0.29063924,3.620583389
378,2.36E+68,1.02E+68,0.292343084,3.61132592
379,2.35E+68,1.01E+68,0.29421108,3.601225023
380,2.34E+68,1.01E+68,0.296242819,3.59029558
381,2.34E+68,1.00E+68,0.298437792,3.578553756
382,2.34E+68,1.00E+68,0.300795392,3.566016963
383,2.35E+68,1.01E+68,0.303314896,3.552703805
384,2.37E+68,1.01E+68,0.305995463,3.53863404
385,2.39E+68,1.02E+68,0.30883612,3.523828528
386,2.42E+68,1.04E+68,0.311835757,3.508309176
387,2.46E+68,1.05E+68,0.314993113,3.492098883
388,2.52E+68,1.07E+68,0.318306772,3.47522148
389,2.58E+68,1.10E+68,0.321775152,3.457701674
390,2.65E+68,1.13E+68,0.325396494,3.43956498
391,2.74E+68,1.16E+68,0.329168861,3.420837656
392,2.84E+68,1.21E+68,0.333090125,3.401546639
393,2.96E+68,1.26E+68,0.337157963,3.381719478
394,3.10E+68,1.31E+68,0.341369851,3.361384263
395,3.26E+68,1.38E+68,0.34572306,3.340569555
396,3.45E+68,1.46E+68,0.350214651,3.319304321
397,3.67E+68,1.55E+68,0.354841472,3.297617858
398,3.92E+68,1.65E+68,0.359600159,3.275539724
399,4.20E+68,1.77E+68,0.364487132,3.253099673
400,4.54E+68,1.90E+68,0.3694986,3.230327582
401,4.92E+68,2.06E+68,0.37463056,3.207253381
402,5.38E+68,2.25E+68,0.379878802,3.183906991
403,5.90E+68,2.46E+68,0.385238914,3.160318257
404,6.52E+68,2.71E+68,0.390706288,3.136516882
405,7.24E+68,3.01E+68,0.396276126,3.112532366
406,8.10E+68,3.36E+68,0.401943452,3.088393945
407,9.11E+68,3.77E+68,0.407703122,3.064130535
408,1.03E+69,4.26E+68,0.413549831,3.039770676
409,1.18E+69,4.84E+68,0.41947813,3.015342477
410,1.35E+69,5.54E+68,0.42548244,2.990873566
411,1.56E+69,6.38E+68,0.431557063,2.966391046
412,1.81E+69,7.40E+68,0.437696199,2.941921443
413,2.12E+69,8.64E+68,0.443893963,2.917490672
414,2.50E+69,1.02E+69,0.450144404,2.893123993
415,2.97E+69,1.20E+69,0.456441516,2.868845976
416,3.56E+69,1.44E+69,0.462779262,2.84468047
417,4.29E+69,1.73E+69,0.469151589,2.820650572
418,5.20E+69,2.09E+69,0.475552448,2.796778599
419,6.36E+69,2.55E+69,0.481975809,2.773086067
420,7.84E+69,3.13E+69,0.488415681,2.74959367
421,9.73E+69,3.87E+69,0.494866132,2.726321262
422,1.22E+70,4.82E+69,0.501321302,2.703287842
423,1.53E+70,6.06E+69,0.50777542,2.680511542
424,1.95E+70,7.67E+69,0.514222823,2.65800962
425,2.49E+70,9.79E+69,0.52065797,2.635798453
426,3.22E+70,1.26E+70,0.527075455,2.613893533
427,4.19E+70,1.63E+70,0.533470023,2.592309465
428,5.49E+70,2.13E+70,0.539836579,2.57105997
429,7.25E+70,2.80E+70,0.546170204,2.550157888
430,9.65E+70,3.72E+70,0.552466161,2.529615185
431,1.30E+71,4.97E+70,0.558719906,2.509442957
432,1.75E+71,6.70E+70,0.564927098,2.489651445
433,2.39E+71,9.09E+70,0.571083601,2.470250041
434,3.29E+71,1.25E+71,0.577185493,2.451247306
435,4.56E+71,1.72E+71,0.583229073,2.432650982
436,6.36E+71,2.39E+71,0.589210856,2.414468006
437,8.96E+71,3.35E+71,0.595127585,2.396704534
438,1.27E+72,4.73E+71,0.600976223,2.379365952
439,1.82E+72,6.74E+71,0.606753962,2.362456899
440,2.62E+72,9.68E+71,0.612458213,2.345981289
441,3.81E+72,1.40E+72,0.618086612,2.329942328
442,5.59E+72,2.04E+72,0.62363701,2.314342537
443,8.25E+72,3.00E+72,0.629107477,2.299183779
444,1.23E+73,4.44E+72,0.634496289,2.284467274
445,1.84E+73,6.62E+72,0.639801931,2.270193628
446,2.78E+73,9.96E+72,0.645023086,2.256362855
447,4.23E+73,1.51E+73,0.65015863,2.242974398
448,6.49E+73,2.30E+73,0.655207629,2.230027157
449,1.00E+74,3.54E+73,0.660169323,2.217519508
450,1.56E+74,5.48E+73,0.66504313,2.205449331
451,2.45E+74,8.55E+73,0.669828627,2.19381403
452,3.87E+74,1.34E+74,0.674525552,2.182610559
453,6.15E+74,2.12E+74,0.679133788,2.171835442
454,9.85E+74,3.39E+74,0.683653359,2.161484798
455,1.59E+75,5.43E+74,0.688084421,2.151554363
456,2.58E+75,8.78E+74,0.692427254,2.142039511
457,4.22E+75,1.43E+75,0.696682252,2.132935276
458,6.95E+75,2.34E+75,0.700849916,2.124236372
459,1.15E+76,3.85E+75,0.704930848,2.115937216
460,1.92E+76,6.39E+75,0.708925739,2.108031945
461,3.22E+76,1.07E+76,0.712835365,2.100514439
462,5.44E+76,1.79E+76,0.716660578,2.093378335
463,9.25E+76,3.03E+76,0.720402298,2.086617048
464,1.58E+77,5.14E+76,0.724061507,2.08022379
465,2.72E+77,8.79E+76,0.727639245,2.074191585
466,4.70E+77,1.51E+77,0.731136597,2.068513284
467,8.18E+77,2.62E+77,0.734554692,2.063181586
468,1.43E+78,4.55E+77,0.737894698,2.058189047
469,2.51E+78,7.95E+77,0.741157811,2.0535281
470,4.44E+78,1.40E+78,0.744345257,2.049191063
471,7.89E+78,2.47E+78,0.747458279,2.045170158
472,1.41E+79,4.38E+78,0.75049814,2.041457523
473,2.53E+79,7.82E+78,0.753466113,2.03804522
474,4.56E+79,1.40E+79,0.756363482,2.034925252
475,8.25E+79,2.52E+79,0.759191532,2.032089568
476,1.50E+80,4.57E+79,0.761951552,2.029530082
477,2.74E+80,8.30E+79,0.764644828,2.027238674
478,5.03E+80,1.51E+80,0.767272641,2.025207206
479,9.27E+80,2.78E+80,0.769836263,2.023427528
480,1.72E+81,5.11E+80,0.772336958,2.021891485
481,3.19E+81,9.43E+80,0.774775975,2.020590932
482,5.94E+81,1.75E+81,0.777154551,2.019517733
483,1.11E+82,3.26E+81,0.779473906,2.018663773
484,2.08E+82,6.08E+81,0.781735242,2.018020965
485,3.93E+82,1.14E+82,0.783939741,2.017581254
486,7.42E+82,2.14E+82,0.786088566,2.017336626
487,1.41E+83,4.04E+82,0.788182858,2.017279111
488,2.67E+83,7.64E+82,0.790223735,2.017400788
489,5.10E+83,1.45E+83,0.792212292,2.017693795
490,9.75E+83,2.76E+83,0.794149601,2.018150328
491,1.87E+84,5.27E+83,0.796036709,2.018762648
492,3.59E+84,1.01E+84,0.797874637,2.019523086
493,6.93E+84,1.93E+84,0.799664383,2.020424043
494,1.34E+85,3.72E+84,0.801406918,2.021458001
495,2.59E+85,7.17E+84,0.803103188,2.022617519
496,5.03E+85,1.38E+85,0.804754114,2.02389524
497,9.77E+85,2.68E+85,0.806360591,2.025283896
498,1.90E+86,5.20E+85,0.807923488,2.026776304
499,3.72E+86,1.01E+86,0.809443649,2.028365379
500,7.27E+86,1.97E+86,0.810921895,2.030044126
501,1.42E+87,3.84E+86,0.812359018,2.031805651
502,2.79E+87,7.51E+86,0.813755789,2.033643159
503,5.49E+87,1.47E+87,0.815112953,2.035549957
504,1.08E+88,2.89E+87,0.81643123,2.037519457
505,2.13E+88,5.67E+87,0.81771132,2.039545177
506,4.21E+88,1.11E+88,0.818953896,2.041620745
507,8.31E+88,2.20E+88,0.82015961,2.043739899
508,1.64E+89,4.33E+88,0.821329092,2.045896488
509,3.26E+89,8.55E+88,0.822462947,2.048084479
510,6.46E+89,1.69E+89,0.823561763,2.050297952
511,1.28E+90,3.34E+89,0.824626103,2.052531107
512,2.55E+90,6.62E+89,0.825656512,2.054778262
513,5.07E+90,1.31E+90,0.826653512,2.057033858
514,1.01E+91,2.61E+90,0.827617608,2.05929246
515,2.01E+91,5.18E+90,0.828549284,2.061548755
516,4.01E+91,1.03E+91,0.829449005,2.063797559
517,8.00E+91,2.05E+91,0.830317218,2.066033815
518,1.60E+92,4.08E+91,0.831154352,2.068252596
519,3.19E+92,8.13E+91,0.831960818,2.070449106
520,6.37E+92,1.62E+92,0.832737009,2.072618682
521,1.27E+93,3.24E+92,0.833483303,2.074756796
522,2.55E+93,6.46E+92,0.83420006,2.076859057
523,5.11E+93,1.29E+93,0.834887623,2.07892121
524,1.02E+94,2.58E+93,0.83554632,2.08093914
525,2.05E+94,5.16E+93,0.836176465,2.082908872
526,4.11E+94,1.03E+94,0.836778356,2.084826575
527,8.23E+94,2.06E+94,0.837352274,2.086688561
528,1.65E+95,4.13E+94,0.837898487,2.088491288
529,3.31E+95,8.28E+94,0.838417251,2.090231359
530,6.64E+95,1.66E+95,0.838908804,2.091905529
531,1.33E+96,3.32E+95,0.839373373,2.093510698
532,2.68E+96,6.66E+95,0.83981117,2.095043923
533,5.37E+96,1.34E+96,0.840222394,2.096502408
534,1.08E+97,2.68E+96,0.840607233,2.097883514
535,2.17E+97,5.38E+96,0.840965859,2.099184758
536,4.35E+97,1.08E+97,0.841298434,2.100403812
537,8.74E+97,2.17E+97,0.841605105,2.101538506
538,1.76E+98,4.35E+97,0.841886009,2.102586828
539,3.53E+98,8.73E+97,0.84214127,2.103546929
540,7.09E+98,1.75E+98,0.842371,2.104417117
541,1.43E+99,3.52E+98,0.842575298,2.105195865
542,2.86E+99,7.07E+98,0.842754254,2.105881809
543,5.76E+99,1.42E+99,0.842907943,2.106473746
544,1.16E+100,2.85E+99,0.84303643,2.106970641
545,2.32E+100,5.73E+99,0.84313977,2.107371621
546,4.67E+100,1.15E+100,0.843218004,2.10767598
547,9.39E+100,2.31E+100,0.843271163,2.10788318
548,1.89E+101,4.65E+100,0.843299266,2.107992847
549,3.79E+101,9.35E+100,0.843302321,2.108004776
550,7.62E+101,1.88E+101,0.843280326,2.107918927
551,1.53E+102,3.77E+101,0.843233264,2.10773543
552,3.08E+102,7.59E+101,0.843161112,2.107454581
553,6.18E+102,1.52E+102,0.843063831,2.107076844
554,1.24E+103,3.06E+102,0.842941372,2.10660285
555,2.49E+103,6.16E+102,0.842793676,2.106033397
556,5.01E+103,1.24E+103,0.842620672,2.10536945
557,1.01E+104,2.49E+103,0.842422276,2.104612141
558,2.02E+104,4.99E+103,0.842198395,2.103762767
559,4.05E+104,1.00E+104,0.84194892,2.102822791
560,8.13E+104,2.02E+104,0.841673736,2.10179384
561,1.63E+105,4.05E+104,0.841372711,2.100677707
562,3.27E+105,8.13E+104,0.841045704,2.099476345
563,6.56E+105,1.63E+105,0.84069256,2.098191872
564,1.32E+106,3.28E+105,0.840313113,2.096826566
565,2.64E+106,6.58E+105,0.839907185,2.095382867
566,5.29E+106,1.32E+106,0.839474582,2.093863371
567,1.06E+107,2.65E+106,0.839015101,2.092270835
568,2.12E+107,5.31E+106,0.838528523,2.090608173
569,4.25E+107,1.07E+107,0.838014618,2.088878453
570,8.50E+107,2.14E+107,0.837473142,2.087084897
571,1.70E+108,4.28E+107,0.836903835,2.085230882
572,3.40E+108,8.57E+107,0.836306425,2.083319935
573,6.79E+108,1.72E+108,0.835680627,2.081355733
574,1.36E+109,3.43E+108,0.835026137,2.079342103
575,2.71E+109,6.87E+108,0.83434264,2.077283018
576,5.40E+109,1.37E+109,0.833629805,2.075182596
577,1.08E+110,2.74E+109,0.832887284,2.0730451
578,2.14E+110,5.48E+109,0.832114715,2.070874934
579,4.27E+110,1.09E+110,0.831311718,2.068676643
580,8.49E+110,2.18E+110,0.830477897,2.066454913
581,1.69E+111,4.35E+110,0.829612841,2.064214563
582,3.35E+111,8.66E+110,0.828716118,2.061960551
583,6.64E+111,1.72E+111,0.827787282,2.059697967
584,1.32E+112,3.42E+111,0.826825866,2.057432033
585,2.61E+112,6.80E+111,0.825831386,2.0551681
586,5.16E+112,1.35E+112,0.824803339,2.052911649
587,1.02E+113,2.67E+112,0.823741202,2.050668285
588,2.01E+113,5.29E+112,0.822644434,2.048443739
589,3.96E+113,1.05E+113,0.821512471,2.046243862
590,7.79E+113,2.07E+113,0.820344731,2.044074627
591,1.53E+114,4.07E+113,0.81914061,2.041942124
592,3.00E+114,8.02E+113,0.817899484,2.039852559
593,5.89E+114,1.58E+114,0.816620705,2.03781225
594,1.15E+115,3.10E+114,0.815303604,2.035827629
595,2.25E+115,6.07E+114,0.81394749,2.033905233
596,4.38E+115,1.19E+115,0.812551649,2.032051709
597,8.52E+115,2.32E+115,0.811115344,2.030273804
598,1.65E+116,4.52E+115,0.809637815,2.028578369
599,3.21E+116,8.80E+115,0.808118277,2.026972351
600,6.20E+116,1.71E+116,0.806555923,2.025462793
601,1.20E+117,3.31E+116,0.80494992,2.02405683
602,2.30E+117,6.40E+116,0.803299414,2.022761686
603,4.42E+117,1.23E+117,0.801603523,2.021584669
604,8.45E+117,2.37E+117,0.799861343,2.020533171
605,1.61E+118,4.55E+117,0.798071947,2.019614661
606,3.07E+118,8.71E+117,0.796234381,2.018836683
607,5.84E+118,1.66E+118,0.79434767,2.018206849
608,1.11E+119,3.16E+118,0.792410814,2.017732838
609,2.09E+119,6.00E+118,0.79042279,2.017422392
610,3.93E+119,1.13E+119,0.788382553,2.017283306
611,7.36E+119,2.14E+119,0.786289035,2.017323428
612,1.38E+120,4.01E+119,0.784141149,2.017550652
613,2.56E+120,7.51E+119,0.781937784,2.017972911
614,4.75E+120,1.40E+120,0.779677814,2.018598173
615,8.78E+120,2.60E+120,0.77736009,2.019434432
616,1.62E+121,4.82E+120,0.774983451,2.020489707
617,2.97E+121,8.88E+120,0.772546717,2.021772028
618,5.42E+121,1.63E+121,0.770048695,2.023289433
619,9.85E+121,2.98E+121,0.767488181,2.025049959
620,1.78E+122,5.43E+121,0.764863961,2.027061635
621,3.21E+122,9.83E+121,0.762174813,2.029332472
622,5.76E+122,1.77E+122,0.759419509,2.031870453
623,1.03E+123,3.18E+122,0.756596821,2.03468353
624,1.83E+123,5.69E+122,0.753705518,2.037779605
625,3.23E+123,1.01E+123,0.750744377,2.041166528
626,5.68E+123,1.79E+123,0.747712177,2.04485208
627,9.94E+123,3.15E+123,0.744607712,2.048843968
628,1.73E+124,5.50E+123,0.74142979,2.053149807
629,2.99E+124,9.58E+123,0.738177235,2.057777115
630,5.15E+124,1.66E+124,0.734848898,2.062733295
631,8.81E+124,2.85E+124,0.731443655,2.068025622
632,1.50E+125,4.87E+124,0.727960418,2.073661235
633,2.53E+125,8.29E+124,0.724398134,2.079647119
634,4.25E+125,1.40E+125,0.720755798,2.085990088
635,7.10E+125,2.35E+125,0.717032449,2.092696779
636,1.18E+126,3.92E+125,0.713227188,2.099773627
637,1.94E+126,6.50E+125,0.709339172,2.107226856
638,3.18E+126,1.07E+126,0.705367629,2.115062459
639,5.17E+126,1.75E+126,0.701311863,2.123286185
640,8.36E+126,2.84E+126,0.697171257,2.131903518
641,1.34E+127,4.59E+126,0.692945285,2.140919665
642,2.14E+127,7.35E+126,0.688633514,2.150339533
643,3.38E+127,1.17E+127,0.684235617,2.160167714
644,5.31E+127,1.85E+127,0.679751376,2.170408466
645,8.29E+127,2.90E+127,0.67518069,2.181065697
646,1.28E+128,4.51E+127,0.670523584,2.19214294
647,1.97E+128,6.97E+127,0.665780215,2.203643342
648,3.01E+128,1.07E+128,0.660950877,2.21556964
649,4.56E+128,1.63E+128,0.656036014,2.227924142
650,6.85E+128,2.46E+128,0.65103622,2.240708709
651,1.02E+129,3.68E+128,0.645952252,2.253924738
652,1.51E+129,5.47E+128,0.640785031,2.267573137
653,2.22E+129,8.07E+128,0.635535651,2.281654312
654,3.23E+129,1.18E+129,0.630205382,2.296168144
655,4.67E+129,1.72E+129,0.62479568,2.311113972
656,6.70E+129,2.47E+129,0.619308186,2.326490575
657,9.54E+129,3.54E+129,0.613744735,2.342296152
658,1.35E+130,5.02E+129,0.608107354,2.358528306
659,1.89E+130,7.06E+129,0.602398269,2.375184026
660,2.62E+130,9.85E+129,0.596619909,2.39225967
661,3.61E+130,1.36E+130,0.590774899,2.409750951
662,4.94E+130,1.87E+130,0.584866069,2.427652918
663,6.70E+130,2.55E+130,0.578896448,2.445959944
664,9.02E+130,3.45E+130,0.572869268,2.464665711
665,1.20E+131,4.62E+130,0.566787956,2.483763198
666,1.59E+131,6.14E+130,0.560656135,2.503244668
667,2.10E+131,8.10E+130,0.554477616,2.523101658
668,2.73E+131,1.06E+131,0.548256398,2.543324969
669,3.53E+131,1.38E+131,0.541996659,2.563904655
670,4.53E+131,1.77E+131,0.535702747,2.58483002
671,5.77E+131,2.26E+131,0.529379177,2.606089609
672,7.29E+131,2.87E+131,0.523030616,2.627671205
673,9.14E+131,3.61E+131,0.516661881,2.649561824
674,1.14E+132,4.51E+131,0.51027792,2.671747715
675,1.40E+132,5.58E+131,0.503883805,2.69421436
676,1.72E+132,6.86E+131,0.497484722,2.716946476
677,2.09E+132,8.37E+131,0.491085952,2.739928016
678,2.52E+132,1.01E+132,0.484692863,2.763142179
679,3.03E+132,1.22E+132,0.478310893,2.786571413
680,3.60E+132,1.45E+132,0.471945536,2.810197424
681,4.25E+132,1.72E+132,0.46560233,2.834001192
682,4.98E+132,2.02E+132,0.459286838,2.857962978
683,5.80E+132,2.36E+132,0.453004634,2.88206234
684,6.71E+132,2.74E+132,0.44676129,2.906278155
685,7.70E+132,3.15E+132,0.44056236,2.930588632
686,8.79E+132,3.61E+132,0.434413362,2.954971335
687,9.95E+132,4.10E+132,0.428319768,2.979403209
688,1.12E+133,4.62E+132,0.422286986,3.003860602
689,1.25E+133,5.18E+132,0.416320348,3.028319293
690,1.39E+133,5.77E+132,0.410425098,3.052754525
691,1.54E+133,6.39E+132,0.404606377,3.077141029
692,1.69E+133,7.03E+132,0.398869211,3.101453067
693,1.84E+133,7.68E+132,0.393218503,3.125664462
694,2.00E+133,8.35E+132,0.38765902,3.149748636
695,2.16E+133,9.03E+132,0.382195384,3.173678653
696,2.31E+133,9.70E+132,0.376832066,3.197427257
697,2.47E+133,1.04E+133,0.371573378,3.220966917
698,2.62E+133,1.10E+133,0.366423463,3.244269874
699,2.76E+133,1.17E+133,0.361386297,3.267308184
700,2.90E+133,1.23E+133,0.35646568,3.29005377
701,3.03E+133,1.28E+133,0.351665233,3.312478474
702,3.16E+133,1.34E+133,0.3469884,3.334554102
703,3.27E+133,1.39E+133,0.342438444,3.356252485
704,3.37E+133,1.43E+133,0.338018447,3.377545526
705,3.46E+133,1.47E+133,0.333731314,3.398405261
706,3.53E+133,1.50E+133,0.329579772,3.418803913
707,3.59E+133,1.53E+133,0.325566378,3.438713951
708,3.64E+133,1.56E+133,0.321693515,3.458108144
709,3.68E+133,1.57E+133,0.317963404,3.476959624
710,3.71E+133,1.59E+133,0.314378106,3.495241945
711,3.72E+133,1.59E+133,0.310939528,3.512929138
712,3.72E+133,1.59E+133,0.30764943,3.529995775
713,3.71E+133,1.59E+133,0.304509431,3.546417024
714,3.68E+133,1.58E+133,0.301521018,3.562168713
715,3.65E+133,1.57E+133,0.298685553,3.577227384
716,3.61E+133,1.55E+133,0.296004278,3.591570352
717,3.56E+133,1.53E+133,0.293478326,3.605175764
718,3.50E+133,1.51E+133,0.29110873,3.618022654
719,3.44E+133,1.48E+133,0.288896424,3.630090995
720,3.37E+133,1.45E+133,0.28684226,3.641361758
721,3.30E+133,1.42E+133,0.284947008,3.651816956
722,3.22E+133,1.39E+133,0.283211367,3.661439701
723,3.14E+133,1.36E+133,0.281635971,3.670214247
724,3.06E+133,1.32E+133,0.280221394,3.678126035
725,2.98E+133,1.29E+133,0.278968159,3.68516174
726,2.89E+133,1.25E+133,0.277876741,3.691309307
727,2.81E+133,1.22E+133,0.276947573,3.696557992
728,2.73E+133,1.18E+133,0.276181049,3.700898393
729,2.65E+133,1.15E+133,0.275577528,3.704322483
730,2.57E+133,1.11E+133,0.275137339,3.706823637
731,2.50E+133,1.08E+133,0.27486078,3.708396659
732,2.42E+133,1.05E+133,0.274748122,3.709037801
733,2.35E+133,1.02E+133,0.274799606,3.70874478
734,2.28E+133,9.87E+132,0.275015448,3.707516787
735,2.22E+133,9.60E+132,0.275395834,3.705354498
736,2.16E+133,9.33E+132,0.275940919,3.702260081
737,2.10E+133,9.09E+132,0.276650826,3.698237196
738,2.05E+133,8.85E+132,0.277525641,3.693290993
739,2.00E+133,8.64E+132,0.278565408,3.687428102
740,1.96E+133,8.44E+132,0.279770127,3.680656624
741,1.92E+133,8.27E+132,0.281139747,3.672986107
742,1.88E+133,8.11E+132,0.282674156,3.664427534
743,1.85E+133,7.97E+132,0.284373182,3.65499329
744,1.82E+133,7.84E+132,0.286236578,3.644697141
745,1.80E+133,7.74E+132,0.288264018,3.633554198
746,1.78E+133,7.66E+132,0.290455085,3.621580883
747,1.77E+133,7.60E+132,0.292809268,3.608794888
748,1.76E+133,7.56E+132,0.295325945,3.595215123
749,1.76E+133,7.55E+132,0.298004379,3.580861678
750,1.76E+133,7.55E+132,0.300843707,3.565755764
751,1.77E+133,7.59E+132,0.303842931,3.549919666
752,1.79E+133,7.65E+132,0.307000905,3.533376684
753,1.81E+133,7.73E+132,0.310316329,3.516151073
754,1.84E+133,7.85E+132,0.313787739,3.49826798
755,1.88E+133,8.00E+132,0.317413496,3.47975338
756,1.92E+133,8.19E+132,0.32119178,3.460634011
757,1.98E+133,8.42E+132,0.325120583,3.440937306
758,2.04E+133,8.69E+132,0.329197696,3.420691324
759,2.12E+133,9.01E+132,0.333420712,3.399924681
760,2.22E+133,9.39E+132,0.337787009,3.378666476
761,2.32E+133,9.83E+132,0.342293759,3.356946224
762,2.45E+133,1.03E+133,0.34693791,3.33479378
763,2.59E+133,1.09E+133,0.351716197,3.312239272
764,2.76E+133,1.16E+133,0.356625132,3.289313027
765,2.96E+133,1.24E+133,0.361661008,3.266045501
766,3.18E+133,1.34E+133,0.3668199,3.242467209
767,3.44E+133,1.44E+133,0.372097667,3.21860866
768,3.75E+133,1.57E+133,0.377489959,3.194500285
769,4.11E+133,1.71E+133,0.38299222,3.170172375
770,4.53E+133,1.89E+133,0.388599696,3.145655018
771,5.02E+133,2.09E+133,0.394307444,3.120978033
772,5.61E+133,2.32E+133,0.400110342,3.096170916
773,6.30E+133,2.61E+133,0.406003099,3.071262781
774,7.12E+133,2.94E+133,0.411980268,3.046282305
775,8.11E+133,3.34E+133,0.418036262,3.021257677
776,9.29E+133,3.81E+133,0.424165364,2.996216551
777,1.07E+134,4.39E+133,0.430361746,2.971185995
778,1.24E+134,5.09E+133,0.436619483,2.946192456
779,1.46E+134,5.93E+133,0.442932572,2.921261713
780,1.72E+134,6.97E+133,0.449294951,2.896418844
781,2.04E+134,8.25E+133,0.455700511,2.871688192
782,2.43E+134,9.84E+133,0.462143122,2.847093333
783,2.93E+134,1.18E+134,0.468616648,2.822657051
784,3.56E+134,1.43E+134,0.475114963,2.798401313
785,4.35E+134,1.74E+134,0.481631975,2.774347248
786,5.36E+134,2.14E+134,0.488161641,2.750515129
787,6.65E+134,2.65E+134,0.494697985,2.726924357
788,8.32E+134,3.30E+134,0.501235116,2.703593452
789,1.05E+135,4.14E+134,0.507767245,2.680540041
790,1.33E+135,5.25E+134,0.514288699,2.657780852
791,1.71E+135,6.69E+134,0.520793939,2.635331714
792,2.20E+135,8.61E+134,0.527277573,2.613207549
793,2.87E+135,1.12E+135,0.533734369,2.591422381
794,3.76E+135,1.46E+135,0.540159267,2.569989331
795,4.97E+135,1.92E+135,0.54654739,2.548920633
796,6.62E+135,2.55E+135,0.552894054,2.528227634
797,8.89E+135,3.41E+135,0.559194778,2.507920807
798,1.20E+136,4.60E+135,0.565445288,2.488009761
799,1.64E+136,6.25E+135,0.571641529,2.468503257
800,2.26E+136,8.56E+135,0.577779662,2.449409223
801,3.14E+136,1.18E+136,0.583856075,2.430734765
802,4.38E+136,1.65E+136,0.589867382,2.412486192
803,6.18E+136,2.31E+136,0.595810425,2.39466903
804,8.78E+136,3.27E+136,0.601682276,2.377288044
805,1.26E+137,4.66E+136,0.607480232,2.360347257
806,1.82E+137,6.69E+136,0.61320182,2.343849973
807,2.64E+137,9.69E+136,0.618844788,2.327798799
808,3.87E+137,1.41E+137,0.624407105,2.312195667
809,5.72E+137,2.08E+137,0.629886957,2.297041859
810,8.53E+137,3.08E+137,0.635282739,2.282338029
811,1.28E+138,4.60E+137,0.640593054,2.268084228
812,1.94E+138,6.93E+137,0.645816701,2.254279924
813,2.95E+138,1.05E+138,0.650952675,2.240924035
814,4.53E+138,1.61E+138,0.656000153,2.228014944
815,7.01E+138,2.47E+138,0.660958491,2.215550528
816,1.09E+139,3.83E+138,0.665827217,2.203528181
817,1.72E+139,5.98E+138,0.670606017,2.191944836
818,2.71E+139,9.41E+138,0.675294733,2.180796991
819,4.32E+139,1.49E+139,0.679893352,2.170080733
820,6.93E+139,2.38E+139,0.684401996,2.159791755
821,1.12E+140,3.82E+139,0.688820919,2.149925385
822,1.82E+140,6.18E+139,0.69315049,2.140476604
823,2.98E+140,1.01E+140,0.697391193,2.131440069
824,4.91E+140,1.65E+140,0.701543614,2.122810134
825,8.14E+140,2.72E+140,0.705608435,2.114580867
826,1.36E+141,4.52E+140,0.709586424,2.106746076
827,2.28E+141,7.55E+140,0.713478431,2.099299323
828,3.86E+141,1.27E+141,0.717285375,2.092233945
829,6.57E+141,2.15E+141,0.721008243,2.085543071
830,1.12E+142,3.65E+141,0.724648078,2.079219639
831,1.93E+142,6.25E+141,0.728205977,2.073256414
832,3.35E+142,1.08E+142,0.731683079,2.067646006
833,5.83E+142,1.86E+142,0.735080565,2.062380878
834,1.02E+143,3.24E+142,0.738399648,2.05745337
835,1.79E+143,5.67E+142,0.741641569,2.052855709
836,3.17E+143,9.97E+142,0.744807592,2.04858002
837,5.64E+143,1.76E+143,0.747899001,2.044618344
838,1.01E+144,3.13E+143,0.75091709,2.040962649
839,1.81E+144,5.59E+143,0.753863166,2.037604839
840,3.26E+144,1.00E+144,0.756738538,2.034536769
841,5.92E+144,1.81E+144,0.759544521,2.031750253
842,1.08E+145,3.27E+144,0.762282426,2.029237077
843,1.97E+145,5.95E+144,0.76495356,2.026989005
844,3.61E+145,1.09E+145,0.767559223,2.024997793
845,6.66E+145,1.99E+145,0.770100704,2.023255192
846,1.23E+146,3.67E+145,0.772579282,2.021752961
847,2.29E+146,6.77E+145,0.77499622,2.020482873
848,4.27E+146,1.26E+146,0.777352766,2.01943672
849,7.98E+146,2.34E+146,0.77965015,2.018606325
850,1.50E+147,4.37E+146,0.781889582,2.017983544
851,2.82E+147,8.19E+146,0.784072251,2.017560274
852,5.34E+147,1.54E+147,0.786199327,2.017328459
853,1.01E+148,2.91E+147,0.788271954,2.017280095
854,1.92E+148,5.50E+147,0.790291254,2.017407235
855,3.67E+148,1.04E+148,0.792258325,2.017701994
856,7.01E+148,1.99E+148,0.79417424,2.018156553
857,1.34E+149,3.79E+148,0.796040047,2.018763165
858,2.58E+149,7.25E+148,0.797856767,2.019514157
859,4.98E+149,1.39E+149,0.799625396,2.020401933
860,9.62E+149,2.67E+149,0.801346905,2.021418983
861,1.86E+150,5.15E+149,0.803022237,2.022557879
862,3.61E+150,9.96E+149,0.804652311,2.023811282
863,7.02E+150,1.93E+150,0.806238019,2.025171946
864,1.37E+151,3.74E+150,0.807780226,2.026632719
865,2.67E+151,7.27E+150,0.809279773,2.028186545
866,5.22E+151,1.42E+151,0.810737476,2.029826468
867,1.02E+152,2.76E+151,0.812154123,2.031545635
868,2.01E+152,5.40E+151,0.813530479,2.033337297
869,3.94E+152,1.06E+152,0.814867285,2.03519481
870,7.75E+152,2.07E+152,0.816165256,2.03711164
871,1.53E+153,4.07E+152,0.817425085,2.039081365
872,3.01E+153,8.00E+152,0.81864744,2.041097672
873,5.96E+153,1.57E+153,0.819832968,2.043154365
874,1.18E+154,3.10E+153,0.820982291,2.045245364
875,2.33E+154,6.13E+153,0.82209601,2.047364708
876,4.62E+154,1.21E+154,0.823174705,2.049506554
877,9.17E+154,2.39E+154,0.824218934,2.051665181
878,1.82E+155,4.74E+154,0.825229233,2.053834993
879,3.62E+155,9.40E+154,0.826206121,2.056010516
880,7.21E+155,1.86E+155,0.827150094,2.058186405
881,1.44E+156,3.70E+155,0.828061629,2.060357443
882,2.86E+156,7.36E+155,0.828941186,2.062518541
883,5.70E+156,1.46E+156,0.829789203,2.064664742
884,1.14E+157,2.91E+156,0.830606104,2.066791224
885,2.27E+157,5.80E+156,0.831392291,2.068893297
886,4.54E+157,1.16E+157,0.832148152,2.070966408
887,9.07E+157,2.31E+157,0.832874055,2.073006141
888,1.81E+158,4.60E+157,0.833570355,2.075008219
889,3.63E+158,9.19E+157,0.834237387,2.076968508
890,7.26E+158,1.84E+158,0.834875473,2.078883012
891,1.45E+159,3.67E+158,0.835484917,2.080747883
892,2.91E+159,7.34E+158,0.83606601,2.082559414
893,5.84E+159,1.47E+159,0.836619027,2.084314049
894,1.17E+160,2.94E+159,0.837144227,2.086008376
895,2.35E+160,5.88E+159,0.837641858,2.087639134
896,4.70E+160,1.18E+160,0.83811215,2.089203214
897,9.44E+160,2.36E+160,0.838555323,2.090697658
898,1.89E+161,4.73E+160,0.83897158,2.092119662
899,3.80E+161,9.47E+160,0.839361113,2.093466577
900,7.63E+161,1.90E+161,0.839724099,2.09473591
901,1.53E+162,3.81E+161,0.840060704,2.095925325
902,3.07E+162,7.64E+161,0.840371079,2.097032645
903,6.17E+162,1.53E+162,0.840655365,2.098055853
904,1.24E+163,3.07E+162,0.840913688,2.098993091
905,2.49E+163,6.17E+162,0.841146163,2.099842666
906,5.00E+163,1.24E+163,0.841352893,2.100603046
907,1.00E+164,2.49E+163,0.841533968,2.10127286
908,2.02E+164,4.99E+163,0.841689467,2.101850906
909,4.05E+164,1.00E+164,0.841819457,2.102336145
910,8.13E+164,2.01E+164,0.841923992,2.102727702
911,1.63E+165,4.04E+164,0.842003117,2.103024871
912,3.28E+165,8.11E+164,0.842056861,2.103227112
913,6.59E+165,1.63E+165,0.842085246,2.103334052
914,1.32E+166,3.27E+165,0.842088279,2.103345485
915,2.66E+166,6.57E+165,0.842065958,2.103261375
916,5.33E+166,1.32E+166,0.842018267,2.103081851
917,1.07E+167,2.65E+166,0.841945181,2.102807212
918,2.15E+167,5.33E+166,0.84184666,2.102437925
919,4.32E+167,1.07E+167,0.841722657,2.101974623
920,8.67E+167,2.15E+167,0.841573108,2.10141811
921,1.74E+168,4.31E+167,0.841397942,2.100769353
922,3.49E+168,8.66E+167,0.841197073,2.10002949
923,7.00E+168,1.74E+168,0.840970404,2.099199824
924,1.40E+169,3.49E+168,0.840717827,2.098281823
925,2.82E+169,7.01E+168,0.840439222,2.097277123
926,5.65E+169,1.41E+169,0.840134454,2.096187521
927,1.13E+170,2.82E+169,0.839803379,2.09501498
928,2.27E+170,5.67E+169,0.839445838,2.093761628
929,4.55E+170,1.14E+170,0.839061662,2.092429751
930,9.11E+170,2.28E+170,0.838650667,2.091021798
931,1.82E+171,4.57E+170,0.838212655,2.08954038
932,3.65E+171,9.17E+170,0.837747419,2.087988263
933,7.30E+171,1.84E+171,0.837254734,2.086368375
934,1.46E+172,3.68E+171,0.836734364,2.084683797
935,2.92E+172,7.37E+171,0.836186058,2.082937766
936,5.84E+172,1.48E+172,0.835609553,2.081133675
937,1.17E+173,2.95E+172,0.835004567,2.079275068
938,2.33E+173,5.91E+172,0.834370808,2.07736564
939,4.64E+173,1.18E+173,0.833707967,2.075409235
940,9.25E+173,2.36E+173,0.833015719,2.073409848
941,1.84E+174,4.71E+173,0.832293725,2.071371618
942,3.67E+174,9.40E+173,0.831541629,2.069298829
943,7.31E+174,1.88E+174,0.830759058,2.06719591
944,1.45E+175,3.74E+174,0.829945625,2.065067431
945,2.89E+175,7.45E+174,0.829100923,2.062918103
946,5.73E+175,1.48E+175,0.828224529,2.060752775
947,1.14E+176,2.95E+175,0.827316003,2.058576432
948,2.25E+176,5.86E+175,0.826374884,2.056394194
949,4.45E+176,1.16E+176,0.825400696,2.054211317
950,8.81E+176,2.31E+176,0.824392942,2.052033185
951,1.74E+177,4.57E+176,0.823351106,2.049865313
952,3.43E+177,9.04E+176,0.822274651,2.047713344
953,6.76E+177,1.79E+177,0.821163022,2.045583045
954,1.33E+178,3.53E+177,0.820015643,2.04348031
955,2.61E+178,6.95E+177,0.818831914,2.04141115
956,5.12E+178,1.37E+178,0.817611218,2.0393817
957,1.00E+179,2.69E+178,0.816352912,2.037398209
958,1.96E+179,5.28E+178,0.815056334,2.035467044
959,3.83E+179,1.03E+179,0.813720798,2.033594682
960,7.46E+179,2.02E+179,0.812345595,2.031787712
961,1.45E+180,3.95E+179,0.810929992,2.030052831
962,2.82E+180,7.70E+179,0.809473234,2.02839684
963,5.45E+180,1.50E+180,0.807974541,2.026826644
964,1.05E+181,2.91E+180,0.806433109,2.025349248
965,2.03E+181,5.63E+180,0.804848111,2.023971751
966,3.91E+181,1.09E+181,0.803218693,2.022701349
967,7.51E+181,2.10E+181,0.801543978,2.021545327
968,1.44E+182,4.04E+181,0.799823065,2.020511057
969,2.75E+182,7.74E+181,0.798055026,2.019605994
970,5.23E+182,1.48E+182,0.796238911,2.018837675
971,9.93E+182,2.83E+182,0.794373744,2.018213709
972,1.88E+183,5.38E+182,0.792458525,2.017741781
973,3.55E+183,1.02E+183,0.790492231,2.017429639
974,6.68E+183,1.93E+183,0.788473815,2.017285095
975,1.25E+184,3.64E+183,0.786402206,2.01731602
976,2.34E+184,6.83E+183,0.784276313,2.017530336
977,4.36E+184,1.28E+184,0.782095022,2.017936011
978,8.10E+184,2.39E+184,0.779857198,2.018541057
979,1.50E+185,4.44E+184,0.777561689,2.019353518
980,2.76E+185,8.21E+184,0.775207322,2.02038147
981,5.06E+185,1.51E+185,0.772792909,2.021633008
982,9.24E+185,2.78E+185,0.770317245,2.023116244
983,1.68E+186,5.09E+185,0.767779113,2.024839297
984,3.05E+186,9.27E+185,0.765177284,2.026810286
985,5.49E+186,1.68E+186,0.762510519,2.02903732
986,9.86E+186,3.03E+186,0.759777573,2.031528492
987,1.76E+187,5.45E+186,0.756977195,2.03429187
988,3.13E+187,9.74E+186,0.754108132,2.037335485
989,5.54E+187,1.73E+187,0.751169135,2.040667323
990,9.75E+187,3.06E+187,0.748158956,2.044295313
991,1.71E+188,5.40E+187,0.745076359,2.048227319
992,2.97E+188,9.45E+187,0.741920117,2.052471127
993,5.15E+188,1.65E+188,0.73868902,2.057034432
994,8.86E+188,2.85E+188,0.735381879,2.061924828
995,1.52E+189,4.91E+188,0.73199753,2.067149795
996,2.58E+189,8.40E+188,0.728534838,2.072716685
997,4.37E+189,1.43E+189,0.724992703,2.078632708
998,7.35E+189,2.42E+189,0.721370068,2.084904919
999,1.23E+190,4.06E+189,0.717665919,2.091540205
1000,2.04E+190,6.78E+189,0.713879297,2.098545264
1001,3.37E+190,1.13E+190,0.710009298,2.105926598
1002,5.52E+190,1.86E+190,0.706055086,2.113690489
1003,8.99E+190,3.04E+190,0.702015895,2.121842989
1004,1.45E+191,4.94E+190,0.697891037,2.130389898
1005,2.34E+191,7.99E+190,0.69367991,2.139336752
1006,3.73E+191,1.28E+191,0.689382004,2.1486888
1007,5.91E+191,2.04E+191,0.684996907,2.158450992
1008,9.29E+191,3.23E+191,0.680524317,2.168627954
1009,1.45E+192,5.07E+191,0.675964046,2.179223977
1010,2.25E+192,7.89E+191,0.671316024,2.190242991
1011,3.46E+192,1.22E+192,0.666580316,2.201688552
1012,5.29E+192,1.88E+192,0.66175712,2.213563818
1013,8.02E+192,2.86E+192,0.65684678,2.225871534
1014,1.21E+193,4.32E+192,0.651849789,2.238614008
1015,1.80E+193,6.48E+192,0.6467668,2.251793096
1016,2.67E+193,9.65E+192,0.64159863,2.265410178
1017,3.92E+193,1.43E+193,0.636346267,2.279466144
1018,5.72E+193,2.09E+193,0.631010877,2.293961368
1019,8.28E+193,3.04E+193,0.625593806,2.308895695
1020,1.19E+194,4.38E+193,0.620096592,2.324268417
1021,1.69E+194,6.28E+193,0.614520961,2.340078258
1022,2.39E+194,8.91E+193,0.608868838,2.356323352
1023,3.36E+194,1.25E+194,0.603142346,2.37300123
1024,4.67E+194,1.75E+194,0.59734381,2.390108797
1025,6.44E+194,2.43E+194,0.59147576,2.407642318
1026,8.81E+194,3.34E+194,0.585540929,2.425597402
1027,1.20E+195,4.55E+194,0.579542257,2.443968985
1028,1.61E+195,6.15E+194,0.573482887,2.462751315
1029,2.15E+195,8.26E+194,0.567366164,2.481937938
1030,2.85E+195,1.10E+195,0.561195636,2.501521687
1031,3.75E+195,1.45E+195,0.554975042,2.521494668
1032,4.89E+195,1.90E+195,0.548708318,2.541848247
1033,6.33E+195,2.47E+195,0.542399584,2.562573044
1034,8.13E+195,3.18E+195,0.536053138,2.583658922
1035,1.03E+196,4.06E+195,0.529673453,2.605094979
1036,1.31E+196,5.15E+195,0.523265164,2.626869544
1037,1.64E+196,6.48E+195,0.516833059,2.648970171
1038,2.04E+196,8.09E+195,0.510382072,2.671383634
1039,2.52E+196,1.00E+196,0.503917266,2.694095931
1040,3.08E+196,1.23E+196,0.497443829,2.717092277
1041,3.75E+196,1.50E+196,0.490967052,2.740357112
1042,4.52E+196,1.82E+196,0.484492323,2.7638741
1043,5.42E+196,2.18E+196,0.478025109,2.787626137
1044,6.44E+196,2.60E+196,0.471570943,2.811595358
1045,7.60E+196,3.08E+196,0.465135409,2.835763145
1046,8.91E+196,3.62E+196,0.458724124,2.860110137
1047,1.04E+197,4.22E+196,0.452342729,2.884616247
1048,1.20E+197,4.89E+196,0.445996866,2.909260674
1049,1.37E+197,5.62E+196,0.439692168,2.934021923
1050,1.56E+197,6.42E+196,0.43343424,2.958877817
1051,1.77E+197,7.29E+196,0.427228646,2.983805531
1052,1.99E+197,8.21E+196,0.421080893,3.008781604
1053,2.22E+197,9.19E+196,0.414996417,3.033781969
1054,2.46E+197,1.02E+197,0.408980569,3.058781983
1055,2.72E+197,1.13E+197,0.403038602,3.083756454
1056,2.98E+197,1.24E+197,0.397175657,3.108679673
1057,3.24E+197,1.35E+197,0.391396753,3.133525452
1058,3.51E+197,1.47E+197,0.385706776,3.158267153
1059,3.77E+197,1.58E+197,0.380110467,3.182877735
1060,4.04E+197,1.70E+197,0.374612415,3.207329788
1061,4.30E+197,1.81E+197,0.369217049,3.231595577
1062,4.55E+197,1.92E+197,0.363928629,3.255647086
1063,4.78E+197,2.02E+197,0.358751244,3.279456066
1064,5.01E+197,2.12E+197,0.353688804,3.30299408
1065,5.22E+197,2.21E+197,0.348745038,3.326232552
1066,5.41E+197,2.29E+197,0.343923491,3.349142823
1067,5.58E+197,2.37E+197,0.339227522,3.371696196
1068,5.73E+197,2.44E+197,0.334660309,3.393863997
1069,5.86E+197,2.49E+197,0.330224839,3.415617624
1070,5.96E+197,2.54E+197,0.325923923,3.436928607
1071,6.04E+197,2.58E+197,0.321760187,3.457768667
1072,6.10E+197,2.61E+197,0.317736085,3.478109769
1073,6.13E+197,2.63E+197,0.313853896,3.497924183
1074,6.15E+197,2.63E+197,0.310115735,3.517184547
1075,6.13E+197,2.63E+197,0.306523555,3.535863922
1076,6.10E+197,2.62E+197,0.303079156,3.553935854
1077,6.05E+197,2.60E+197,0.29978419,3.571374438
1078,5.98E+197,2.57E+197,0.296640171,3.588154371
1079,5.90E+197,2.54E+197,0.29364848,3.60425102
1080,5.80E+197,2.50E+197,0.290810375,3.619640473
1081,5.68E+197,2.45E+197,0.288126998,3.634299606
1082,5.56E+197,2.40E+197,0.285599386,3.648206136
1083,5.42E+197,2.34E+197,0.283228474,3.661338681
1084,5.28E+197,2.28E+197,0.28101511,3.67367681
1085,5.13E+197,2.22E+197,0.278960057,3.685201107
1086,4.98E+197,2.15E+197,0.277064006,3.695893214
1087,4.82E+197,2.09E+197,0.275327579,3.705735888
1088,4.66E+197,2.02E+197,0.273751339,3.714713046
1089,4.51E+197,1.95E+197,0.272335799,3.722809812
1090,4.35E+197,1.88E+197,0.27108142,3.730012563
1091,4.19E+197,1.82E+197,0.269988627,3.73630897
1092,4.04E+197,1.75E+197,0.269057808,3.741688032
1093,3.89E+197,1.69E+197,0.268289318,3.746140118
1094,3.74E+197,1.62E+197,0.267683487,3.749656992
1095,3.60E+197,1.56E+197,0.267240619,3.752231843
1096,3.47E+197,1.50E+197,0.266960997,3.753859318
1097,3.34E+197,1.45E+197,0.266844882,3.754535533
1098,3.21E+197,1.39E+197,0.266892517,3.754258096
1099,3.09E+197,1.34E+197,0.267104123,3.753026119
1100,2.98E+197,1.29E+197,0.267479902,3.750840227
1101,2.88E+197,1.25E+197,0.268020032,3.747702565
1102,2.78E+197,1.20E+197,0.268724667,3.743616795
1103,2.68E+197,1.16E+197,0.269593929,3.738588098
1104,2.60E+197,1.12E+197,0.27062791,3.732623162
1105,2.52E+197,1.09E+197,0.271826663,3.725730172
1106,2.45E+197,1.06E+197,0.273190197,3.717918794
1107,2.38E+197,1.03E+197,0.27471847,3.709200156
1108,2.32E+197,1.00E+197,0.276411383,3.69958682
1109,2.27E+197,9.79E+196,0.278268771,3.689092755
1110,2.22E+197,9.59E+196,0.280290394,3.677733302
1111,2.18E+197,9.41E+196,0.282475932,3.665525139
1112,2.15E+197,9.26E+196,0.28482497,3.652486237
1113,2.12E+197,9.13E+196,0.287336992,3.638635818
1114,2.10E+197,9.04E+196,0.290011371,3.623994306
1115,2.09E+197,8.97E+196,0.292847356,3.608583273
1116,2.08E+197,8.94E+196,0.295844065,3.592425389
1117,2.08E+197,8.93E+196,0.299000472,3.575544357
1118,2.09E+197,8.96E+196,0.302315399,3.557964865
1119,2.11E+197,9.02E+196,0.305787506,3.539712504
1120,2.13E+197,9.12E+196,0.309415278,3.520813721
1121,2.17E+197,9.26E+196,0.313197021,3.50129574
1122,2.21E+197,9.44E+196,0.317130849,3.481186499
1123,2.27E+197,9.66E+196,0.32121468,3.460514576
1124,2.34E+197,9.94E+196,0.325446223,3.439309123
1125,2.42E+197,1.03E+197,0.32982298,3.417599785
1126,2.51E+197,1.07E+197,0.334342232,3.395416636
1127,2.63E+197,1.11E+197,0.339001043,3.372790102
1128,2.76E+197,1.17E+197,0.343796249,3.349750888
1129,2.91E+197,1.23E+197,0.348724463,3.326329906
1130,3.09E+197,1.30E+197,0.35378207,3.302558204
1131,3.30E+197,1.39E+197,0.358965232,3.278466893
1132,3.55E+197,1.49E+197,0.364269886,3.254087079
1133,3.83E+197,1.61E+197,0.36969175,3.229449793
1134,4.16E+197,1.74E+197,0.375226328,3.204585927
1135,4.55E+197,1.90E+197,0.380868917,3.179526166
1136,5.01E+197,2.09E+197,0.386614616,3.154300926
1137,5.54E+197,2.30E+197,0.392458332,3.128940294
1138,6.18E+197,2.56E+197,0.398394794,3.10347397
1139,6.93E+197,2.87E+197,0.404418566,3.077931211
1140,7.82E+197,3.23E+197,0.410524057,3.052340778
1141,8.89E+197,3.66E+197,0.416705538,3.026730888
1142,1.02E+198,4.18E+197,0.422957156,3.001129164
1143,1.17E+198,4.81E+197,0.429272954,2.975562594
1144,1.36E+198,5.56E+197,0.435646882,2.950057488
1145,1.59E+198,6.49E+197,0.442072823,2.924639441
1146,1.87E+198,7.62E+197,0.448544603,2.899333302
1147,2.22E+198,9.01E+197,0.455056015,2.874163138
1148,2.66E+198,1.07E+198,0.46160084,2.849152208
1149,3.20E+198,1.29E+198,0.468172859,2.82432294
1150,3.88E+198,1.56E+198,0.474765879,2.799696907
1151,4.74E+198,1.90E+198,0.481373747,2.77529481
1152,5.84E+198,2.33E+198,0.487990373,2.751136463
1153,7.25E+198,2.88E+198,0.494609743,2.727240779
1154,9.07E+198,3.59E+198,0.501225943,2.703625764
1155,1.14E+199,4.52E+198,0.507833167,2.680308505
1156,1.45E+199,5.72E+198,0.514425743,2.657305173
1157,1.86E+199,7.30E+198,0.520998138,2.634631017
1158,2.40E+199,9.39E+198,0.52754498,2.612300366
1159,3.13E+199,1.22E+199,0.534061066,2.590326634
1160,4.10E+199,1.59E+199,0.540541377,2.568722326
1161,5.43E+199,2.10E+199,0.546981085,2.547499043
1162,7.24E+199,2.79E+199,0.553375565,2.526667497
1163,9.73E+199,3.73E+199,0.559720403,2.506237521
1164,1.32E+200,5.03E+199,0.566011401,2.486218078
1165,1.80E+200,6.84E+199,0.572244585,2.466617286
1166,2.48E+200,9.39E+199,0.578416207,2.447442424
1167,3.44E+200,1.30E+200,0.58452275,2.428699958
1168,4.82E+200,1.81E+200,0.590560929,2.410395556
1169,6.80E+200,2.54E+200,0.59652769,2.392534111
1170,9.67E+200,3.60E+200,0.602420214,2.375119759
1171,1.39E+201,5.13E+200,0.608235913,2.358155905
1172,2.00E+201,7.38E+200,0.613972426,2.34164524
1173,2.92E+201,1.07E+201,0.61962762,2.325589772
1174,4.28E+201,1.56E+201,0.625199581,2.309990841
1175,6.34E+201,2.30E+201,0.630686614,2.294849152
1176,9.46E+201,3.42E+201,0.636087235,2.280164793
1177,1.42E+202,5.11E+201,0.641400163,2.265937261
1178,2.15E+202,7.70E+201,0.646624318,2.252165489
1179,3.28E+202,1.17E+202,0.651758809,2.238847867
1180,5.05E+202,1.79E+202,0.65680293,2.225982269
1181,7.82E+202,2.75E+202,0.661756148,2.213566079
1182,1.22E+203,4.28E+202,0.666618102,2.201596211
1183,1.92E+203,6.69E+202,0.671388586,2.190069135
1184,3.04E+203,1.05E+203,0.676067545,2.178980902
1185,4.84E+203,1.67E+203,0.680655069,2.168327166
1186,7.78E+203,2.67E+203,0.685151377,2.158103205
1187,1.26E+204,4.29E+203,0.689556816,2.148303947
1188,2.05E+204,6.95E+203,0.693871848,2.138923989
1189,3.36E+204,1.13E+204,0.698097041,2.129957621
1190,5.54E+204,1.86E+204,0.702233065,2.121398843
1191,9.19E+204,3.07E+204,0.70628068,2.113241388
1192,1.54E+205,5.10E+204,0.71024073,2.105478741
1193,2.58E+205,8.53E+204,0.714114133,2.098104158
1194,4.37E+205,1.44E+205,0.717901878,2.091110685
1195,7.45E+205,2.43E+205,0.721605013,2.084491172
1196,1.28E+206,4.14E+205,0.725224642,2.078238296
1197,2.20E+206,7.09E+205,0.728761915,2.072344574
1198,3.81E+206,1.22E+206,0.732218025,2.066802378
1199,6.63E+206,2.12E+206,0.7355942,2.061603952
1200,1.16E+207,3.69E+206,0.738891697,2.056741425
1201,2.04E+207,6.45E+206,0.742111801,2.052206828
1202,3.62E+207,1.14E+207,0.745255812,2.047992102
1203,6.44E+207,2.01E+207,0.748325049,2.044089117
1204,1.15E+208,3.57E+207,0.75132084,2.040489679
1205,2.07E+208,6.38E+207,0.754244521,2.037185544
1206,3.73E+208,1.15E+208,0.757097427,2.034168426
1207,6.76E+208,2.07E+208,0.759880898,2.031430013
1208,1.23E+209,3.74E+208,0.762596266,2.028961971
1209,2.25E+209,6.81E+208,0.765244858,2.026755958
1210,4.14E+209,1.24E+209,0.767827992,2.024803629
1211,7.63E+209,2.28E+209,0.770346972,2.023096646
1212,1.41E+210,4.20E+209,0.772803091,2.021626687
1213,2.62E+210,7.76E+209,0.775197623,2.020385451
1214,4.89E+210,1.44E+210,0.777531827,2.019364669
1215,9.15E+210,2.68E+210,0.77980694,2.018556104
1216,1.72E+211,5.01E+210,0.782024181,2.017951564
1217,3.24E+211,9.39E+210,0.784184746,2.017542905
1218,6.12E+211,1.77E+211,0.786289806,2.017322036
1219,1.16E+212,3.33E+211,0.788340511,2.017280925
1220,2.21E+212,6.31E+211,0.790337986,2.017411603
1221,4.21E+212,1.20E+212,0.792283329,2.017706171
1222,8.04E+212,2.28E+212,0.794177615,2.018156801
1223,1.54E+213,4.35E+212,0.79602189,2.018755742
1224,2.96E+213,8.32E+212,0.797817176,2.019495323
1225,5.71E+213,1.60E+213,0.799564467,2.020367959
1226,1.10E+214,3.07E+213,0.801264731,2.02136615
1227,2.13E+214,5.91E+213,0.80291891,2.022482487
1228,4.14E+214,1.14E+214,0.804527918,2.023709656
1229,8.05E+214,2.21E+214,0.806092645,2.025040439
1230,1.57E+215,4.29E+214,0.807613951,2.026467715
1231,3.06E+215,8.33E+214,0.809092673,2.027984467
1232,5.98E+215,1.62E+215,0.810529621,2.029583782
1233,1.17E+216,3.16E+215,0.811925579,2.031258851
1234,2.29E+216,6.18E+215,0.813281307,2.033002975
1235,4.51E+216,1.21E+216,0.814597541,2.034809567
1236,8.86E+216,2.37E+216,0.815874989,2.03667215
1237,1.75E+217,4.65E+216,0.817114338,2.038584363
1238,3.44E+217,9.14E+216,0.818316252,2.040539961
1239,6.80E+217,1.80E+217,0.819481368,2.042532819
1240,1.34E+218,3.55E+217,0.820610305,2.044556928
1241,2.66E+218,7.00E+217,0.821703656,2.046606405
1242,5.27E+218,1.38E+218,0.822761995,2.048675488
1243,1.05E+219,2.73E+218,0.823785873,2.050758541
1244,2.08E+219,5.41E+218,0.824775819,2.052850054
1245,4.12E+219,1.07E+219,0.825732345,2.054944645
1246,8.20E+219,2.13E+219,0.826655941,2.057037064
1247,1.63E+220,4.22E+219,0.827547076,2.059122189
1248,3.25E+220,8.38E+219,0.828406202,2.061195034
1249,6.48E+220,1.67E+220,0.829233753,2.063250747
1250,1.29E+221,3.31E+220,0.830030142,2.06528461
1251,2.58E+221,6.60E+220,0.830795766,2.067292044
1252,5.15E+221,1.31E+221,0.831531005,2.06926861
1253,1.03E+222,2.62E+221,0.83223622,2.071210008
1254,2.06E+222,5.23E+221,0.832911757,2.073112079
1255,4.11E+222,1.04E+222,0.833557944,2.074970811
1256,8.22E+222,2.08E+222,0.834175097,2.076782333
1257,1.65E+223,4.16E+222,0.83476351,2.078542924
1258,3.29E+223,8.32E+222,0.835323467,2.080249008
1259,6.60E+223,1.66E+223,0.835855235,2.081897159
1260,1.32E+224,3.33E+223,0.836359066,2.083484103
1261,2.65E+224,6.65E+223,0.836835198,2.085006715
1262,5.31E+224,1.33E+224,0.837283855,2.086462026
1263,1.06E+225,2.67E+224,0.837705246,2.087847222
1264,2.13E+225,5.34E+224,0.838099567,2.089159641
1265,4.28E+225,1.07E+225,0.838467001,2.090396782
1266,8.58E+225,2.14E+225,0.838807717,2.091556301
1267,1.72E+226,4.30E+225,0.839121871,2.092636013
1268,3.45E+226,8.61E+225,0.839409606,2.093633894
1269,6.93E+226,1.73E+226,0.839671052,2.094548081
1270,1.39E+227,3.46E+226,0.839906328,2.095376874
1271,2.79E+227,6.95E+226,0.840115539,2.096118737
1272,5.60E+227,1.39E+227,0.840298776,2.096772296
1273,1.12E+228,2.80E+227,0.840456122,2.097336344
1274,2.26E+228,5.61E+227,0.840587645,2.09780984
1275,4.53E+228,1.13E+228,0.8406934,2.098191909
1276,9.09E+228,2.26E+228,0.840773433,2.098481842
1277,1.82E+229,4.53E+228,0.840827776,2.098679098
1278,3.66E+229,9.10E+228,0.840856449,2.098783304
1279,7.35E+229,1.83E+229,0.840859461,2.098794256
1280,1.48E+230,3.67E+229,0.840836809,2.098711916
1281,2.96E+230,7.36E+229,0.840788477,2.098536418
1282,5.94E+230,1.48E+230,0.84071444,2.098268061
1283,1.19E+231,2.96E+230,0.840614657,2.097907315
1284,2.39E+231,5.95E+230,0.840489079,2.097454818
1285,4.80E+231,1.19E+231,0.840337642,2.096911376
1286,9.62E+231,2.40E+231,0.840160272,2.096277962
1287,1.93E+232,4.81E+231,0.839956882,2.095555718
1288,3.87E+232,9.65E+231,0.839727373,2.094745953
1289,7.75E+232,1.94E+232,0.839471634,2.093850142
1290,1.55E+233,3.88E+232,0.839189541,2.092869927
1291,3.11E+233,7.79E+232,0.838880958,2.091807114
1292,6.24E+233,1.56E+233,0.838545736,2.090663675
1293,1.25E+234,3.13E+233,0.838183713,2.089441745
1294,2.50E+234,6.28E+233,0.837794714,2.088143623
1295,5.00E+234,1.26E+234,0.837378552,2.086771767
1296,1.00E+235,2.52E+234,0.836935026,2.085328799
1297,2.00E+235,5.05E+234,0.836463921,2.0838175
1298,4.00E+235,1.01E+235,0.835965008,2.082240808
1299,8.00E+235,2.02E+235,0.835438045,2.080601822
1300,1.60E+236,4.05E+235,0.834882775,2.078903793
1301,3.19E+236,8.09E+235,0.834298927,2.07715013
1302,6.36E+236,1.62E+236,0.833686214,2.075344394
1303,1.27E+237,3.23E+236,0.833044336,2.073490299
1304,2.53E+237,6.46E+236,0.832372976,2.07159171
1305,5.03E+237,1.29E+237,0.831671801,2.06965264
1306,1.00E+238,2.57E+237,0.830940463,2.067677252
1307,1.99E+238,5.13E+237,0.830178598,2.065669854
1308,3.96E+238,1.02E+238,0.829385824,2.063634898
1309,7.86E+238,2.03E+238,0.828561743,2.061576981
1310,1.56E+239,4.04E+238,0.827705938,2.05950084
1311,3.09E+239,8.04E+238,0.826817976,2.057411353
1312,6.12E+239,1.60E+239,0.825897404,2.055313535
1313,1.21E+240,3.17E+239,0.824943752,2.05321254
1314,2.39E+240,6.28E+239,0.82395653,2.051113653
1315,4.73E+240,1.24E+240,0.822935229,2.049022294
1316,9.32E+240,2.46E+240,0.821879319,2.046944016
1317,1.83E+241,4.86E+240,0.820788251,2.044884497
1318,3.61E+241,9.58E+240,0.819661454,2.042849545
1319,7.09E+241,1.89E+241,0.818498337,2.040845093
1320,1.39E+242,3.72E+241,0.817298288,2.038877197
1321,2.72E+242,7.30E+241,0.816060671,2.036952034
1322,5.32E+242,1.43E+242,0.814784828,2.035075901
1323,1.04E+243,2.81E+242,0.81347008,2.03325521
1324,2.02E+243,5.49E+242,0.812115723,2.03149649
1325,3.93E+243,1.07E+243,0.81072103,2.029806379
1326,7.63E+243,2.09E+243,0.80928525,2.028191627
1327,1.48E+244,4.06E+243,0.80780761,2.02665909
1328,2.86E+244,7.88E+243,0.806287308,2.02521573
1329,5.51E+244,1.53E+244,0.804723523,2.023868606
1330,1.06E+245,2.95E+244,0.803115403,2.022624882
1331,2.03E+245,5.68E+244,0.801462077,2.021491811
1332,3.89E+245,1.09E+245,0.799762644,2.020476742
1333,7.43E+245,2.10E+245,0.798016181,2.019587112
1334,1.42E+246,4.01E+245,0.796221738,2.018830443
1335,2.69E+246,7.65E+245,0.794378341,2.018214337
1336,5.09E+246,1.46E+246,0.792484992,2.017746475
1337,9.61E+246,2.76E+246,0.790540665,2.017434609
1338,1.81E+247,5.22E+246,0.788544314,2.017286563
1339,3.39E+247,9.85E+246,0.786494867,2.017310222
1340,6.35E+247,1.85E+247,0.784391229,2.01751353
1341,1.18E+248,3.47E+247,0.782232282,2.017904486
1342,2.19E+248,6.47E+247,0.780016888,2.018491136
1343,4.06E+248,1.20E+248,0.777743887,2.019281569
1344,7.48E+248,2.23E+248,0.7754121,2.02028391
1345,1.37E+249,4.11E+248,0.773020329,2.021506314
1346,2.51E+249,7.55E+248,0.77056736,2.022956958
1347,4.57E+249,1.38E+249,0.768051965,2.024644036
1348,8.28E+249,2.52E+249,0.765472899,2.02657575
1349,1.49E+250,4.57E+249,0.76282891,2.0287603
1350,2.68E+250,8.24E+249,0.760118734,2.03120588
1351,4.80E+250,1.48E+250,0.757341102,2.033920667
1352,8.53E+250,2.65E+250,0.754494741,2.036912812
1353,1.51E+251,4.72E+250,0.751578375,2.040190429
1354,2.66E+251,8.36E+250,0.748590733,2.043761588
1355,4.66E+251,1.47E+251,0.745530548,2.047634301
1356,8.12E+251,2.58E+251,0.742396563,2.051816515
1357,1.41E+252,4.50E+251,0.739187534,2.056316095
1358,2.43E+252,7.79E+251,0.735902236,2.061140818
1359,4.16E+252,1.34E+252,0.732539463,2.066298359
1360,7.09E+252,2.30E+252,0.729098039,2.071796273
1361,1.20E+253,3.92E+252,0.725576818,2.077641989
1362,2.02E+253,6.64E+252,0.721974692,2.083842793
1363,3.38E+253,1.12E+253,0.718290596,2.090405811
1364,5.62E+253,1.87E+253,0.714523514,2.097337999
1365,9.29E+253,3.10E+253,0.710672484,2.104646125
1366,1.52E+254,5.12E+253,0.706736606,2.112336753
1367,2.49E+254,8.39E+253,0.702715046,2.120416227
1368,4.03E+254,1.37E+254,0.698607049,2.128890657
1369,6.47E+254,2.21E+254,0.694411937,2.137765897
1370,1.03E+255,3.55E+254,0.690129123,2.147047534
1371,1.64E+255,5.66E+254,0.685758117,2.156740861
1372,2.58E+255,8.96E+254,0.681298531,2.166850871
1373,4.04E+255,1.41E+255,0.67675009,2.177382226
1374,6.27E+255,2.20E+255,0.672112635,2.188339247
1375,9.66E+255,3.41E+255,0.667386137,2.199725892
1376,1.48E+256,5.24E+255,0.662570698,2.211545734
1377,2.24E+256,7.99E+255,0.657666564,2.223801947
1378,3.38E+256,1.21E+256,0.652674127,2.236497282
1379,5.05E+256,1.82E+256,0.647593938,2.249634047
1380,7.49E+256,2.71E+256,0.642426708,2.263214093
1381,1.10E+257,4.01E+256,0.637173321,2.277238785
1382,1.61E+257,5.88E+256,0.631834835,2.291708991
1383,2.33E+257,8.56E+256,0.62641249,2.306625055
1384,3.35E+257,1.24E+257,0.620907715,2.321986783
1385,4.78E+257,1.77E+257,0.61532213,2.337793421
1386,6.77E+257,2.52E+257,0.609657553,2.354043637
1387,9.50E+257,3.55E+257,0.603916002,2.370735501
1388,1.32E+258,4.96E+257,0.598099699,2.387866467
1389,1.83E+258,6.88E+257,0.592211073,2.405433356
1390,2.50E+258,9.47E+257,0.58625276,2.423432339
1391,3.40E+258,1.29E+258,0.580227604,2.44185892
1392,4.58E+258,1.75E+258,0.574138659,2.460707918
1393,6.13E+258,2.35E+258,0.567989184,2.479973455
1394,8.12E+258,3.13E+258,0.561782645,2.499648941
1395,1.07E+259,4.13E+258,0.555522708,2.519727059
1396,1.39E+259,5.41E+258,0.549213239,2.540199754
1397,1.81E+259,7.03E+258,0.542858297,2.561058222
1398,2.32E+259,9.06E+258,0.536462125,2.582292897
1399,2.95E+259,1.16E+259,0.53002915,2.603893446
1400,3.73E+259,1.47E+259,0.523563965,2.625848762
1401,4.68E+259,1.85E+259,0.517071332,2.648146952
1402,5.83E+259,2.31E+259,0.510556159,2.670775338
1403,7.19E+259,2.86E+259,0.5040235,2.69372045
1404,8.81E+259,3.52E+259,0.497478537,2.716968028
1405,1.07E+260,4.29E+259,0.490926567,2.740503019
1406,1.29E+260,5.19E+259,0.484372995,2.764309581
1407,1.55E+260,6.23E+259,0.47782331,2.788371084
1408,1.84E+260,7.43E+259,0.47128308,2.812670118
1409,2.17E+260,8.79E+259,0.464757932,2.837188499
1410,2.54E+260,1.03E+260,0.458253537,2.861907277
1411,2.95E+260,1.20E+260,0.451775593,2.886806751
1412,3.41E+260,1.39E+260,0.445329813,2.911866478
1413,3.90E+260,1.60E+260,0.438921907,2.937065292
1414,4.44E+260,1.82E+260,0.432557564,2.962381319
1415,5.02E+260,2.07E+260,0.426242439,2.987791996
1416,5.63E+260,2.33E+260,0.419982136,3.013274097
1417,6.28E+260,2.60E+260,0.413782196,3.038803749
1418,6.96E+260,2.89E+260,0.407648075,3.064356469
1419,7.66E+260,3.18E+260,0.40158514,3.089907181
1420,8.37E+260,3.49E+260,0.395598647,3.115430254
1421,9.10E+260,3.80E+260,0.389693733,3.140899532
1422,9.83E+260,4.11E+260,0.383875403,3.166288365
1423,1.05E+261,4.42E+260,0.37814852,3.191569655
1424,1.13E+261,4.73E+260,0.372517794,3.216715885
1425,1.19E+261,5.03E+260,0.366987774,3.241699166
1426,1.26E+261,5.32E+260,0.361562839,3.266491275
1427,1.32E+261,5.59E+260,0.356247195,3.291063705
1428,1.38E+261,5.84E+260,0.351044865,3.315387708
1429,1.43E+261,6.08E+260,0.345959689,3.339434347
1430,1.48E+261,6.29E+260,0.340995318,3.363174538
1431,1.52E+261,6.48E+260,0.336155214,3.386579114
1432,1.56E+261,6.64E+260,0.331442647,3.409618866
1433,1.59E+261,6.77E+260,0.326860697,3.432264605
1434,1.61E+261,6.87E+260,0.322412256,3.454487219
1435,1.62E+261,6.94E+260,0.318100029,3.476257723
1436,1.63E+261,6.99E+260,0.31392654,3.497547323
1437,1.63E+261,7.00E+260,0.30989413,3.518327474
1438,1.63E+261,6.99E+260,0.306004971,3.538569941
1439,1.62E+261,6.96E+260,0.302261063,3.558246854
1440,1.60E+261,6.89E+260,0.298664248,3.577330776
1441,1.58E+261,6.81E+260,0.295216211,3.595794761
1442,1.56E+261,6.70E+260,0.291918495,3.613612413
1443,1.52E+261,6.57E+260,0.2887725,3.630757952
1444,1.49E+261,6.43E+260,0.285779497,3.647206272
1445,1.45E+261,6.27E+260,0.282940638,3.662933005
1446,1.41E+261,6.10E+260,0.280256959,3.677914573
1447,1.37E+261,5.92E+260,0.277729395,3.692128257
1448,1.33E+261,5.74E+260,0.275358784,3.705552247
1449,1.28E+261,5.54E+260,0.27314588,3.718165705
1450,1.23E+261,5.34E+260,0.271091356,3.729948817
1451,1.19E+261,5.14E+260,0.26919582,3.740882847
1452,1.14E+261,4.94E+260,0.267459814,3.750950188
1453,1.09E+261,4.74E+260,0.265883831,3.760134413
1454,1.05E+261,4.55E+260,0.264468312,3.768420322
1455,1.00E+261,4.35E+260,0.263213663,3.775793988
1456,9.58E+260,4.16E+260,0.262120252,3.782242796
1457,9.16E+260,3.98E+260,0.261188421,3.787755487
1458,8.74E+260,3.80E+260,0.260418486,3.792322189
1459,8.34E+260,3.62E+260,0.259810743,3.795934452
1460,7.96E+260,3.46E+260,0.259365474,3.798585278
1461,7.60E+260,3.30E+260,0.259082943,3.800269147
1462,7.25E+260,3.15E+260,0.258963403,3.800982035
1463,6.92E+260,3.01E+260,0.259007095,3.800721441
1464,6.61E+260,2.87E+260,0.259214249,3.799486392
1465,6.32E+260,2.74E+260,0.259585078,3.797277457
1466,6.05E+260,2.63E+260,0.260119786,3.794096755
1467,5.79E+260,2.51E+260,0.260818555,3.789947943
1468,5.55E+260,2.41E+260,0.261681549,3.784836232
1469,5.33E+260,2.31E+260,0.262708904,3.778768371
1470,5.12E+260,2.22E+260,0.263900729,3.771752631
1471,4.93E+260,2.14E+260,0.265257094,3.763798797
1472,4.76E+260,2.06E+260,0.266778027,3.75491814
1473,4.60E+260,1.99E+260,0.268463505,3.745123397
1474,4.46E+260,1.93E+260,0.270313447,3.734428738
1475,4.33E+260,1.87E+260,0.272327704,3.722849737
1476,4.22E+260,1.82E+260,0.27450605,3.71040333
1477,4.12E+260,1.78E+260,0.276848175,3.697107775
1478,4.03E+260,1.74E+260,0.279353669,3.682982608
1479,3.96E+260,1.71E+260,0.282022018,3.668048592
1480,3.90E+260,1.68E+260,0.284852589,3.652327666
1481,3.86E+260,1.66E+260,0.28784462,3.635842887
1482,3.83E+260,1.65E+260,0.29099721,3.618618375
1483,3.81E+260,1.64E+260,0.294309308,3.600679246
1484,3.81E+260,1.64E+260,0.297779702,3.582051553
1485,3.83E+260,1.64E+260,0.30140701,3.562762216
1486,3.86E+260,1.65E+260,0.305189666,3.542838957
1487,3.90E+260,1.67E+260,0.309125918,3.522310225
1488,3.97E+260,1.69E+260,0.31321381,3.50120513
1489,4.05E+260,1.73E+260,0.317451182,3.479553363
1490,4.16E+260,1.77E+260,0.321835662,3.45738513
1491,4.29E+260,1.82E+260,0.326364652,3.434731075
1492,4.45E+260,1.89E+260,0.331035333,3.411622203
1493,4.63E+260,1.96E+260,0.335844657,3.388089807
1494,4.85E+260,2.05E+260,0.340789343,3.364165398
1495,5.11E+260,2.16E+260,0.345865878,3.339880625
1496,5.41E+260,2.28E+260,0.351070516,3.315267206
1497,5.76E+260,2.43E+260,0.356399281,3.290356859
1498,6.18E+260,2.60E+260,0.361847968,3.265181226
1499,6.66E+260,2.79E+260,0.367412151,3.23977181
1500,7.22E+260,3.02E+260,0.373087185,3.214159907
1501,7.88E+260,3.29E+260,0.378868215,3.188376541
1502,8.65E+260,3.61E+260,0.384750189,3.162452403
1503,9.56E+260,3.98E+260,0.390727863,3.136417791
1504,1.06E+261,4.41E+260,0.396795816,3.110302555
1505,1.19E+261,4.93E+260,0.402948462,3.084136039
1506,1.34E+261,5.55E+260,0.409180066,3.057947034
1507,1.52E+261,6.28E+260,0.415484759,3.03176373
1508,1.74E+261,7.16E+260,0.421856551,3.005613668
1509,2.01E+261,8.23E+260,0.428289355,2.9795237
1510,2.33E+261,9.52E+260,0.434777001,2.953519951
1511,2.72E+261,1.11E+261,0.441313254,2.927627785
1512,3.20E+261,1.30E+261,0.447891837,2.901871769
1513,3.79E+261,1.54E+261,0.454506447,2.87627565
1514,4.53E+261,1.83E+261,0.461150775,2.850862324
1515,5.45E+261,2.20E+261,0.467818529,2.825653821
1516,6.61E+261,2.66E+261,0.474503449,2.800671277
1517,8.08E+261,3.24E+261,0.481199329,2.775934928
1518,9.96E+261,3.97E+261,0.487900036,2.75146409
1519,1.24E+262,4.92E+261,0.494599525,2.727277154
1520,1.55E+262,6.13E+261,0.501291862,2.703391577
1521,1.95E+262,7.71E+261,0.507971234,2.679823877
1522,2.48E+262,9.76E+261,0.514631972,2.656589637
1523,3.18E+262,1.25E+262,0.521268558,2.633703499
1524,4.11E+262,1.60E+262,0.527875645,2.611179175
1525,5.35E+262,2.08E+262,0.534448066,2.589029446
1526,7.02E+262,2.72E+262,0.540980849,2.567266177
1527,9.29E+262,3.59E+262,0.547469221,2.545900321
1528,1.24E+263,4.77E+262,0.553908621,2.524941938
1529,1.67E+263,6.39E+262,0.560294709,2.504400202
1530,2.26E+263,8.63E+262,0.566623368,2.484283421
1531,3.09E+263,1.17E+263,0.57289071,2.464599053
1532,4.26E+263,1.61E+263,0.579093082,2.445353724
1533,5.92E+263,2.23E+263,0.585227067,2.426553248
1534,8.30E+263,3.11E+263,0.591289483,2.408202647
1535,1.17E+264,4.38E+263,0.597277387,2.390306173
1536,1.67E+264,6.20E+263,0.603188073,2.372867333
1537,2.40E+264,8.86E+263,0.609019065,2.355888907
1538,3.47E+264,1.28E+264,0.614768123,2.339372976
1539,5.05E+264,1.85E+264,0.620433231,2.323320945
1540,7.43E+264,2.71E+264,0.626012596,2.307733567
1541,1.10E+265,3.99E+264,0.631504644,2.292610969
1542,1.64E+265,5.93E+264,0.636908009,2.277952676
1543,2.47E+265,8.88E+264,0.642221532,2.263757637
1544,3.75E+265,1.34E+265,0.64744425,2.250024251
1545,5.73E+265,2.04E+265,0.652575388,2.236750389
1546,8.82E+265,3.12E+265,0.657614356,2.223933423
1547,1.37E+266,4.81E+265,0.662560733,2.211570246
1548,2.14E+266,7.48E+265,0.667414267,2.199657302
1549,3.36E+266,1.17E+266,0.672174858,2.188190606
1550,5.33E+266,1.85E+266,0.676842556,2.177165768
1551,8.51E+266,2.93E+266,0.681417548,2.166578019
1552,1.37E+267,4.69E+266,0.685900153,2.156422232
1553,2.21E+267,7.55E+266,0.690290807,2.146692942
1554,3.61E+267,1.22E+267,0.694590061,2.137384373
1555,5.92E+267,2.00E+267,0.698798569,2.128490455
1556,9.78E+267,3.28E+267,0.702917081,2.120004846
1557,1.63E+268,5.42E+267,0.706946433,2.111920953
1558,2.72E+268,9.02E+267,0.710887542,2.104231947
1559,4.58E+268,1.51E+268,0.714741395,2.096930789
1560,7.76E+268,2.54E+268,0.718509044,2.090010242
1561,1.32E+269,4.31E+268,0.7221916,2.08346289
1562,2.27E+269,7.35E+268,0.725790222,2.077281157
1563,3.91E+269,1.26E+269,0.729306114,2.07145732
1564,6.78E+269,2.17E+269,0.732740518,2.065983526
1565,1.18E+270,3.77E+269,0.736094708,2.060851806
1566,2.07E+270,6.57E+269,0.739369985,2.056054091
1567,3.65E+270,1.15E+270,0.74256767,2.051582224
1568,6.46E+270,2.03E+270,0.745689104,2.047427971
1569,1.15E+271,3.59E+270,0.748735635,2.04358304
1570,2.06E+271,6.39E+270,0.751708624,2.040039083
1571,3.70E+271,1.14E+271,0.754609431,2.036787716
1572,6.68E+271,2.05E+271,0.757439421,2.033820524
1573,1.21E+272,3.70E+271,0.760199953,2.031129075
1574,2.21E+272,6.70E+271,0.76289238,2.028704925
1575,4.04E+272,1.22E+272,0.765518046,2.02653963
1576,7.42E+272,2.23E+272,0.768078286,2.024624755
1577,1.37E+273,4.09E+272,0.770574419,2.022951881
1578,2.53E+273,7.53E+272,0.773007748,2.021512611
1579,4.71E+273,1.39E+273,0.775379559,2.02029858
1580,8.78E+273,2.58E+273,0.777691119,2.01930146
1581,1.64E+274,4.81E+273,0.779943673,2.018512965
1582,3.09E+274,8.99E+273,0.782138445,2.017924862
1583,5.81E+274,1.69E+274,0.784276637,2.017528971
1584,1.10E+275,3.17E+274,0.786359423,2.017317173
1585,2.08E+275,5.98E+274,0.788387956,2.017281414
1586,3.96E+275,1.13E+275,0.790363362,2.01741371
1587,7.56E+275,2.15E+275,0.79228674,2.017706152
1588,1.44E+276,4.09E+275,0.794159165,2.018150911
1589,2.77E+276,7.81E+275,0.795981682,2.018740237
1590,5.32E+276,1.49E+276,0.79775531,2.019466468
1591,1.03E+277,2.86E+276,0.799481043,2.020322032
1592,1.98E+277,5.51E+276,0.801159846,2.021299448
1593,3.83E+277,1.06E+277,0.802792657,2.022391332
1594,7.43E+277,2.05E+277,0.804380386,2.023590396
1595,1.44E+278,3.97E+277,0.805923918,2.024889456
1596,2.81E+278,7.69E+277,0.80742411,2.026281431
1597,5.48E+278,1.49E+278,0.808881793,2.027759344
1598,1.07E+279,2.91E+278,0.810297773,2.029316329
1599,2.10E+279,5.67E+278,0.811672828,2.030945629
1600,4.11E+279,1.11E+279,0.813007713,2.032640599
1601,8.07E+279,2.17E+279,0.814303155,2.034394711
1602,1.59E+280,4.24E+279,0.81555986,2.036201552
1603,3.12E+280,8.33E+279,0.816778506,2.038054827
1604,6.15E+280,1.64E+280,0.817959751,2.039948361
1605,1.21E+281,3.22E+280,0.819104227,2.041876103
1606,2.40E+281,6.34E+280,0.820212544,2.043832124
1607,4.75E+281,1.25E+281,0.821285289,2.04581062
1608,9.41E+281,2.47E+281,0.82232303,2.047805915
1609,1.86E+282,4.88E+281,0.823326309,2.04981246
1610,3.70E+282,9.65E+281,0.82429565,2.051824837
1611,7.35E+282,1.91E+282,0.825231557,2.053837761
1612,1.46E+283,3.79E+282,0.826134512,2.055846076
1613,2.90E+283,7.52E+282,0.827004978,2.057844766
1614,5.78E+283,1.49E+283,0.8278434,2.059828946
1615,1.15E+284,2.97E+283,0.828650202,2.061793873
1616,2.30E+284,5.90E+283,0.829425791,2.063734939
1617,4.58E+284,1.17E+284,0.830170557,2.065647679
1618,9.13E+284,2.34E+284,0.83088487,2.06752777
1619,1.82E+285,4.66E+284,0.831569087,2.069371032
1620,3.64E+285,9.29E+284,0.832223543,2.071173429
1621,7.28E+285,1.85E+285,0.83284856,2.072931072
1622,1.46E+286,3.70E+285,0.833444444,2.07464022
1623,2.91E+286,7.38E+285,0.834011483,2.076297281
1624,5.82E+286,1.47E+286,0.834549952,2.077898811
1625,1.17E+287,2.95E+286,0.835060109,2.079441522
1626,2.33E+287,5.89E+286,0.835542199,2.080922276
1627,4.67E+287,1.18E+287,0.835996451,2.08233809
1628,9.36E+287,2.36E+287,0.836423079,2.083686137
1629,1.87E+288,4.71E+287,0.836822286,2.084963747
1630,3.76E+288,9.43E+287,0.837194257,2.086168407
1631,7.53E+288,1.89E+288,0.837539167,2.087297764
1632,1.51E+289,3.78E+288,0.837857176,2.088349625
1633,3.03E+289,7.58E+288,0.83814843,2.08932196
1634,6.07E+289,1.52E+289,0.838413063,2.090212898
1635,1.22E+290,3.04E+289,0.838651196,2.091020734
1636,2.44E+290,6.10E+289,0.838862937,2.091743926
1637,4.89E+290,1.22E+290,0.839048382,2.092381097
1638,9.81E+290,2.45E+290,0.839207612,2.092931037
1639,1.97E+291,4.91E+290,0.839340699,2.093392702
1640,3.95E+291,9.85E+290,0.839447699,2.093765213
1641,7.92E+291,1.98E+291,0.83952866,2.094047861
1642,1.59E+292,3.96E+291,0.839583614,2.094240104
1643,3.19E+292,7.94E+291,0.839612582,2.094341569
1644,6.39E+292,1.59E+292,0.839615573,2.094352052
1645,1.28E+293,3.20E+292,0.839592585,2.094271517
1646,2.57E+293,6.41E+292,0.839543601,2.094100097
1647,5.15E+293,1.29E+293,0.839468595,2.093838097
1648,1.03E+294,2.58E+293,0.839367526,2.093485987
1649,2.07E+294,5.17E+293,0.839240344,2.093044409
1650,4.15E+294,1.04E+294,0.839086982,2.092514174
1651,8.32E+294,2.08E+294,0.838907367,2.091896259
1652,1.67E+295,4.17E+294,0.838701407,2.091191811
1653,3.34E+295,8.36E+294,0.838469003,2.090402147
1654,6.69E+295,1.68E+295,0.83821004,2.089528747
1655,1.34E+296,3.36E+295,0.837924392,2.088573261
1656,2.68E+296,6.73E+295,0.837611918,2.087537503
1657,5.37E+296,1.35E+296,0.837272468,2.086423454
1658,1.07E+297,2.70E+296,0.836905874,2.085233259
1659,2.15E+297,5.41E+296,0.836511958,2.083969226
1660,4.29E+297,1.08E+297,0.836090529,2.082633827
1661,8.58E+297,2.17E+297,0.835641379,2.081229694
1662,1.72E+298,4.34E+297,0.835164289,2.079759622
1663,3.43E+298,8.68E+297,0.834659024,2.078226564
1664,6.84E+298,1.74E+298,0.834125336,2.076633632
1665,1.36E+299,3.47E+298,0.833562963,2.074984094
1666,2.72E+299,6.93E+298,0.832971626,2.073281377
1667,5.42E+299,1.38E+299,0.832351031,2.071529059
1668,1.08E+300,2.76E+299,0.831700871,2.069730873
1669,2.15E+300,5.51E+299,0.83102082,2.067890706
1670,4.28E+300,1.10E+300,0.830310538,2.066012592
1671,8.50E+300,2.19E+300,0.829569668,2.064100716
1672,1.69E+301,4.36E+300,0.828797836,2.06215941
1673,3.35E+301,8.68E+300,0.827994651,2.060193153
1674,6.65E+301,1.73E+301,0.827159705,2.058206567
1675,1.32E+302,3.43E+301,0.826292571,2.056204419
1676,2.61E+302,6.80E+301,0.825392804,2.054191615
1677,5.15E+302,1.35E+302,0.82445994,2.052173203
1678,1.02E+303,2.67E+302,0.823493497,2.050154366
1679,2.01E+303,5.29E+302,0.822492972,2.048140427
1680,3.96E+303,1.05E+303,0.821457844,2.04613684
1681,7.79E+303,2.06E+303,0.82038757,2.044149194
1682,1.53E+304,4.07E+303,0.819281585,2.042183207
1683,3.01E+304,8.02E+303,0.818139306,2.040244728
1684,5.89E+304,1.58E+304,0.816960125,2.03833973
1685,1.15E+305,3.10E+304,0.815743415,2.036474315
1686,2.25E+305,6.08E+304,0.814488524,2.034654704
1687,4.40E+305,1.19E+305,0.813194777,2.032887241
1688,8.56E+305,2.33E+305,0.811861478,2.031178388
1689,1.66E+306,4.54E+305,0.810487906,2.029534723
1690,3.23E+306,8.84E+305,0.809073315,2.027962938
1691,6.25E+306,1.72E+306,0.807616935,2.026469835
1692,1.21E+307,3.34E+306,0.806117973,2.025062328
1693,2.33E+307,6.46E+306,0.804575609,2.023747433