Time,J,A,S,tau
0.0,100.0,10.0,0.889030934430583,10.736651250558793
1.0,94.76145912926884,19.124943479488103,0.8583399186599103,10.338632264297567
2.0,94.75122457663545,27.51828813308965,0.8265199501769033,9.942867601725238
3.0,98.81022769196575,35.197792877806215,0.7937056568073757,9.547102939152554
4.0,105.88574303698138,42.16831958521561,0.7600201713787474,9.151338276579875
5.0,115.02058128132381,48.43755166579618,0.7255982030018945,8.755573614007194
6.0,125.35967551162469,54.016032677983326,0.6905850878550522,8.35980895143451
7.0,136.15428968232166,58.91717621507066,0.6551355766641102,7.964044288861831
8.0,147.40399927297764,62.46244206810959,0.6259953006473635,7.691351064783297
9.0,156.74528135871628,66.21844241410861,0.6113418320199026,7.692465065695942
10.0,162.71971474763654,72.35333231886017,0.5964690583299969,7.692465065695942
11.0,166.69954481574612,80.09229354706741,0.5813636119891892,7.692465065695942
12.0,169.53114156374056,88.77112129212182,0.566048711938784,7.692465065695942
13.0,171.67571471303273,97.82709755278825,0.5505492435097147,7.692465065695942
14.0,173.32241645866486,106.794748337694,0.5348916530919846,7.692465065695942
15.0,174.4816685999205,115.30013744809773,0.5191038222503302,7.692465065695942
16.0,175.13956398955025,122.96805756619499,0.5032149195204518,7.692465065695942
17.0,175.08225198320164,129.61990228162603,0.4872552326736416,7.692465065695942
18.0,173.68613698474445,135.6656402773654,0.4712559829622121,7.692465065695942
19.0,170.72336058255635,141.3002681420003,0.45524912065688156,7.692465065695942
20.0,166.23228532040912,146.5409412996174,0.43926711012173064,7.692465065695942
21.0,160.39219806174484,151.30154129416766,0.423342696512662,7.692465065695942
22.0,153.4442403019447,155.44797190752834,0.40750866558022963,7.692465065695942
23.0,145.6437655676528,158.83746280468984,0.39179759749462467,7.692465065695942
24.0,137.2395196139564,161.33869919011937,0.37624162075462053,7.692465065695942
25.0,128.45445579166213,162.85186389549227,0.36087216171210035,7.692465065695942
26.0,119.44373218637315,163.35864227418105,0.34571970051126366,7.692465065695942
27.0,110.3308699166018,162.89255628251777,0.3308135413826142,7.692465065695942
28.0,101.23242606658103,161.51034107332723,0.3161815806526945,7.692465065695942
29.0,92.2635440646081,159.2787327677272,0.3018501082081958,7.692465065695942
30.0,83.53483889184632,156.26948548532903,0.2878436145965949,7.692465065695942
31.0,75.14635643535262,152.55810785979986,0.2741846202223958,7.692465065695942
32.0,67.18305649810807,148.2235266174971,0.2608935439123985,7.692465065695942
33.0,59.7111177983203,143.34786271696072,0.24798857083409107,7.692465065695942
34.0,53.14111464105613,137.6484861696313,0.23257950513741782,7.768994207456151
35.0,50.56499985774923,127.65125044318295,0.18695597014895643,8.768992697778943
36.0,47.05898369431051,118.25059626430708,0.14918328550624146,9.76899262085587
37.0,43.0064370708577,109.42319380555614,0.11816163212954778,10.768992543932798
38.0,38.704191231581966,101.14554831271049,0.09289112428885897,11.768992467009726
39.0,34.37508296253005,93.3941119327749,0.07247422376387226,12.768992390086654
40.0,30.17990444921352,86.14538194485112,0.05611503208949204,13.768992313163581
41.0,26.228483030570832,79.37599382344412,0.04311620693130788,14.768992236240507
42.0,22.589730406237546,73.06280859729571,0.0328739527827578,15.768992159317435
43.0,19.30056056705412,67.18299430492603,0.0248715646938786,16.768992082394362
44.0,16.373633202903093,61.714101448940404,0.018671974628060445,17.768992005471283
45.0,13.803884453360618,56.63412734570791,0.013909528254195773,18.768991928548203
46.0,11.574002362010372,51.92158243020742,0.010281973659426768,19.768991851625124
47.0,9.658782733007271,47.55554136317116,0.007542132431340069,20.76899177470204
48.0,8.028587204599413,43.51569284413515,0.005490165241922758,21.768991697778958
49.0,6.6519185593109,39.7823772097287,0.003966197688730253,22.768991620855875
50.0,5.4973374359100315,36.336622008428165,0.0028437519382285598,23.76899154393279
51.0,4.534770463827966,33.16016921137159,0.0020238349620711445,24.768991467009705
52.0,3.736346732630347,30.23549595619246,0.0014297780518854487,25.76899139008662
53.0,3.0768716497463497,27.545829736228693,0.0010028212006718909,26.768991313163536
54.0,2.5340239905951303,25.075157754339568,0.0006983902714107208,27.76899123624045
55.0,2.0883534771894507,22.808230404583192,0.0004830093534855048,28.768991159317363
56.0,1.7231552190040076,20.730561523191575,0.0003317926092396093,29.768991082394276
57.0,1.4242509109746226,18.828422696892332,0.00022641710724078344,30.76899100547119
58.0,1.1797297799920101,17.088834055819387,0.00015352073305997376,31.768990928548106
59.0,0.9796731272891798,15.499551478732608,0.00010345001652625852,32.768990851625006
60.0,0.8158818246560683,14.049050592592087,6.929424475730578e-05,33.768990774701905
61.0,0.681619201921627,12.726507848710861,4.614981010103633e-05,34.768990697778804
62.0,0.5713779544372022,11.521779427085034,3.056734992481925e-05,35.768990620855696
63.0,0.48067358740546384,10.42537816199905,2.0140769088285137e-05,36.768990543932595
64.0,0.4058651259546337,9.428448786906177,1.3205224810787604e-05,37.768990467009495
65.0,0.34400245148466585,8.52274193714108,0.0,38.768990390086394
66.0,0.2926982184600883,7.700587327203859,0.0,39.768990313163286
67.0,0.2500213934611948,6.954866277818508,0.0,40.768990236240185
68.0,0.21440961709093398,6.278983831202316,0.0,41.768990159317134
69.0,0.1845980104142987,5.666841055387991,0.0,42.76899008239406
70.0,0.15956093286260833,5.112807046979811,0.0,43.76899000547099
71.0,0.13846550494685966,4.611691817409722,0.0,44.768989928547896
72.0,0.12063371938929317,4.158719064153473,0.0,45.768989851624816
73.0,0.10551279402285285,3.749500613402815,0.0,46.76898977470174
74.0,0.09265029850289101,3.3800101640091165,0.0,47.768989697778665
75.0,0.08167521155294528,3.0465592104859227,0.0,48.76898962085559
76.0,0.07228226258712515,2.7457729617504447,0.0,49.76898954393251
77.0,0.06421961683119291,2.474567929838035,0.0,50.76898946700944
78.0,0.057279039698754246,2.2301308117267267,0.0,51.76898939008637
79.0,0.051287696905895845,2.0098975524880918,0.0,52.768989313163296
80.0,0.04610177432294541,1.811534144921279,0.0,53.76898923624021
81.0,0.041601320115928916,1.6329186724403122,0.0,54.76898915931713
82.0,0.03768591583862605,1.4721237869978878,0.0,55.76898908239405
83.0,0.03427130016772173,1.3274007105070975,0.0,56.768989005470964
84.0,0.03128661690304103,1.197164593056563,0.0,57.768988928547884
85.0,0.02867209455909477,1.0799802259387752,0.0,58.768988851624805
86.0,0.02637719415700515,0.9745491144889175,0.0,59.768988774701725
87.0,0.024359087113224227,0.8796974066176937,0.0,60.768988697778646
88.0,0.02258137706718593,0.7943650408651982,0.0,61.768988620855566
89.0,0.02101307880487852,0.717595199157216,0.0,62.76898854393248
90.0,0.019627770040329545,0.6485247723933155,0.0,63.7689884670094
91.0,0.018402860260292683,0.5863758527146192,0.0,64.76898839008634
92.0,0.017318956290721742,0.5304479611355566,0.0,65.76898831316325
93.0,0.016359478010439923,0.48011021133992676,0.0,66.76898823624018
94.0,0.015510120202020462,0.4347951070030154,0.0,67.7689881593171
95.0,0.014758585015564197,0.3939922963024178,0.0,68.76898808239403
96.0,0.014094326320320776,0.3572427771145476,0.0,69.76898800547094
97.0,0.01350815023166533,0.3241343636151384,0.0,70.76898792854787
98.0,0.012992200819725169,0.29429662912899834,0.0,71.7689878516248
99.0,0.012539678591215539,0.26739691254538306,0.0,72.76898777470171
100.0,0.012144656406224927,0.24313671920708696,0.0,73.76898769777864
101.0,0.011802105400533738,0.22124796177516776,0.0,74.76898762085557
102.0,0.011507628590266751,0.2014901439216557,0.0,75.76898754393248
103.0,0.011257461825957112,0.18364750052914258,0.0,76.76898746700941
104.0,0.011048379306610292,0.16752639564181238,0.0,77.76898739008632
105.0,0.01087758778616941,0.15295322975103,0.0,78.76898731316324
106.0,0.01074278203013124,0.13977214341029018,0.0,79.76898723624015
107.0,0.010641942364938511,0.12784345307138414,0.0,80.76898715931706
108.0,0.010573463584032149,0.11704173610151292,0.0,81.76898708239399
109.0,0.01053594175958555,0.10725458312042904,0.0,82.7689870054709
110.0,0.010528329677439061,0.09838104226737805,0.0,83.76898692854782
111.0,0.010549723280286201,0.09033061661435514,0.0,84.76898685162473
112.0,0.010599528407362177,0.08302201162502122,0.0,85.76898677470165
113.0,0.010677256468502039,0.07638232305064394,0.0,86.76898669777857
114.0,0.010782704680721218,0.07034602752115376,0.0,87.76898662085549
115.0,0.010915711909779094,0.06485436114274513,0.0,88.7689865439324
116.0,0.011076361546785252,0.05985447507076416,0.0,89.76898646700933
117.0,0.011264852777813231,0.05529891658745428,0.0,90.76898639008624
118.0,0.01148149210327444,0.05114502511547157,0.0,91.76898631316315
119.0,0.011726773850321705,0.047354428725629845,0.0,92.76898623624008
120.0,0.012001226961491288,0.04389264016657687,0.0,93.768986159317
121.0,0.01230549528475077,0.04072862024836237,0.0,94.3131146425454
122.0,0.012640469299195644,0.03783438197845224,0.0,94.31311464247909
123.0,0.013006986148462862,0.03518476750790248,0.0,94.31311464247909
124.0,0.013405942804520756,0.03275711231731414,0.0,94.31311464247909
125.0,0.013838387628948456,0.03053096443775989,0.0,94.31311464247909
126.0,0.014305420535610515,0.028487889840902756,0.0,94.31311464247909
127.0,0.014808188511590348,0.026611252902049024,0.0,94.31311464247909
128.0,0.015347880708662642,0.024886035132399176,0.0,94.31311464257314
129.0,0.015907410002320335,0.023320238780386148,0.001627818840726519,7.692872079533531
130.0,0.016525816811808324,0.02186183831643981,0.0017127847659145093,7.692872079533531
131.0,0.01718518844346438,0.020518020709757775,0.0018003219505202746,7.692872079533531
132.0,0.017886879426996637,0.01927877473495631,0.001890312512102755,7.692872079533531
133.0,0.01863225514168936,0.018135035462838144,0.001982623737193718,7.692872079533531
134.0,0.019422667872074063,0.017078591214000266,0.0020771088467291796,7.692872079533531
135.0,0.02025944348736291,0.01610199886900728,0.002173607912189973,7.692872079533531
136.0,0.021143878121006487,0.015198507255153175,0.0022719489105258706,7.692872079533531
137.0,0.02207721641263206,0.014361995420841107,0.002371948936153266,7.692872079533531
138.0,0.023060604188661793,0.013586899425235199,0.002473415656466994,7.692872079533531
139.0,0.024095112358826925,0.012868165146073094,0.002576148677628029,7.692872079533531
140.0,0.025181705779258427,0.012201197467309723,0.0026799411128765873,7.692872079533531
141.0,0.02632122639411407,0.011581815419575966,0.0027845811829589036,7.692872079533531
142.0,0.027514387176395615,0.011006211325248488,0.0028898538417265096,7.692872079533531
143.0,0.028761722174660942,0.010470917574565546,0.0029955424445798065,7.692872079533531
144.0,0.030063598154477345,0.00997277163911297,0.0031014303612612124,7.692872079533531
145.0,0.031420191773800614,0.00950888773300327,0.0032073025700086605,7.692872079533531
146.0,0.032831471181319925,0.009076630617476603,0.00331294719413998,7.692872079533531
147.0,0.03429719427327561,0.008673591248741912,0.003418156948878208,7.692872079533531
148.0,0.03581685229798556,0.00829756767925813,0.003522730527863589,7.692872079533531
149.0,0.03738970075227462,0.007946543455285818,0.00362647382593442,7.692872079533531
150.0,0.03901473378647004,0.007618671088456622,0.0037292010762709224,7.692872079533531
151.0,0.040690674460173,0.0073122563816706496,0.0038307358462794654,7.692872079533531
152.0,0.04241597591376293,0.007025743883000416,0.0039309118821446165,7.692872079533531
153.0,0.044188792385462194,0.006757705350137469,0.004029573869634878,7.692872120936799
154.0,0.04600697673034543,0.006506835488361319,0.004126728202627229,7.692377042647626
155.0,0.04786810511438146,0.006271943318593142,0.004222553654600511,7.69030338699432
156.0,0.049769587153961875,0.006051881033664082,0.004316319803786894,7.688635682311254
157.0,0.051708452046482986,0.005845607190324391,0.00440773486605746,7.68806211629578
158.0,0.05368143210437929,0.005652156962350521,0.004496530074175244,7.689315705737033
159.0,0.055685025165323775,0.005470634801988303,0.004582468281011677,7.693151155682345
160.0,0.05771547740050513,0.005300208782865212,0.004665345359917576,7.7003416907707045
161.0,0.05976880168008483,0.005140103579589429,0.004744969413352828,7.711759318623781
162.0,0.0618408053827173,0.004989576839163716,0.004820941514193731,7.729308654584411
163.0,0.06392703265949247,0.004847966243636902,0.00489330439282827,7.75330884276464
164.0,0.06602285916562525,0.004714672507493184,0.0049622800497232545,7.783332094095425
165.0,0.06812355849660623,0.004589127088621298,0.0050279539547983905,7.819551323791351
166.0,0.07022430656648494,0.004470800731425483,0.005090420264390656,7.862138656928496
167.0,0.07232021961147206,0.00435920056874573,0.005149780172502577,7.911265162475965
168.0,0.07440634368434865,0.004253867984861521,0.005206140452246132,7.967100407608253
169.0,0.0764777579533267,0.004154376179875285,0.0052596119993706305,8.02981222310006
170.0,0.07852959954096454,0.004060326743406447,0.005310308337440425,8.09956642479084
171.0,0.08055707730742744,0.0039713480182121666,0.00535834461832132,8.176526400410681
172.0,0.08255551090581391,0.003887094231862314,0.005403836663969515,8.260852583613278
173.0,0.08452039990375503,0.003807243636062361,0.005446899880403484,8.352702072367782
174.0,0.08644743478071884,0.003731495190933708,0.005487648567256695,8.452228539288754
175.0,0.08833251162140386,0.0036595693746891435,0.005526195432010073,8.55958129256552
176.0,0.09017182322739296,0.003591206083664389,0.005562650624426872,8.674905066947401
177.0,0.09196183606255146,0.0035261622129087273,0.005597121603699794,8.798339879219728
178.0,0.09369930901267154,0.003464212678501942,0.005629712882654706,8.930019900099866
179.0,0.09538137808426818,0.0034051480596263015,0.005660525127428361,9.070073398951251
180.0,0.09700548163578669,0.00334877278571794,0.0056896557920409424,9.218622730775742
181.0,0.09856945775701796,0.0032949067458267482,0.005717198201149066,9.375782738530125
182.0,0.1000715049845316,0.003243381700276673,0.0057432417254590345,9.541661424670075
183.0,0.10151017471761731,0.0031940421898432386,0.005767872174670166,9.716359119690482
184.0,0.10288443374303825,0.003146744411701387,0.0057911707084143775,9.89996748083063
185.0,0.10419355356191391,0.00310135412924316,0.005813215297198921,10.092570856263974
186.0,0.10543724430255914,0.0030577490617000555,0.005834079092391204,10.294242935034088
187.0,0.10661546890495556,0.0030158139122418693,0.00585383237065624,10.505050380255186
188.0,0.10772860783769998,0.002975444398501316,0.005872540731245293,10.725048117985661
189.0,0.10877726300728965,0.0029365419503733837,0.005890266941645262,10.95428343763564
190.0,0.10976241317283705,0.002899018028549369,0.005907069446467281,11.192791281616238
191.0,0.1106852063419617,0.0028627884419563116,0.005923004223122419,11.440599053589148
192.0,0.1115471156207059,0.0028277778627041595,0.0059381229968286705,11.697720762801929
193.0,0.1123497418401269,0.002793914506638798,0.0059524754318687825,11.96416310292729
194.0,0.11309494961619398,0.002761134498620778,0.005966107035908047,12.239918176387995
195.0,0.11378469202406827,0.00272937681661724,0.005979061875570096,12.524972403664684
196.0,0.11442109643442812,0.002698586599430715,0.005991379993853706,12.819296050800212
197.0,0.11500637328679494,0.0026687123521782303,0.0060031000197600035,13.122853825496096
198.0,0.11554281210068736,0.0026397065909154454,0.006014257403369206,13.435595360302052
199.0,0.116032771783872,0.0026115262319817024,0.006024885577069498,13.757462439184566
200.0,0.11647862565855106,0.0025841296972859864,0.00603501638036396,14.088387420526088
201.0,0.11688276577356939,0.002557480307828081,0.006044678546566345,14.42828782273116
202.0,0.11724758411332528,0.0025315426075413257,0.006053900161195906,14.7770779823952
203.0,0.11757543615152834,0.0025062841849334285,0.006062706596081789,15.134655513960984
204.0,0.11786864098584393,0.0024816751190397265,0.0060711219708957775,15.500913301105141
205.0,0.11812948352493033,0.002457686579035892,0.006079169086478804,15.875733801459946
206.0,0.11836014664933096,0.0024342927514438635,0.006086868609629662,16.258987992324922
207.0,0.118562786513873,0.0024114684834282097,0.006094240723612975,16.65054373964745
208.0,0.11873944248730164,0.0023891906718950372,0.006101303590449952,17.050253881044796
209.0,0.11889207726953942,0.0023674375831055417,0.006108074598161491,17.457968905703808
210.0,0.11902258675293784,0.0023461882732478956,0.006114570069084923,17.873528842141024
211.0,0.11913272110608747,0.002325423622821238,0.006120804900854115,18.296765970268535
212.0,0.11922419878412642,0.0023051248546945785,0.006126793635145928,18.727509307901535
213.0,0.11929858695076571,0.002285274602016485,0.0061325493088548256,19.16557540342035
214.0,0.11935736796425654,0.0022658563459798543,0.0061380844421260305,19.610780372495526
215.0,0.11940197577932307,0.0022468538895182725,0.006143410958724551,20.062932288521473
216.0,0.1194336753147575,0.0022282523634003294,0.00614853952951452,20.521831041984818
217.0,0.11945369592245589,0.0022100371977455827,0.006153480650102942,20.98727678277133
218.0,0.11946318203882306,0.0021921943317807827,0.0061582440155350734,21.459059295461962
219.0,0.11946313146560372,0.0021747107474304216,0.006162838456255312,21.936965305045934
220.0,0.11945452807337717,0.0021575735263150574,0.006167272731235824,22.420781422569252
221.0,0.11943827268310075,0.002140770197147283,0.006171554875844065,22.910284011743506
222.0,0.11941513744844602,0.0021242891446085848,0.006175692204583751,23.405247167684337
223.0,0.1193858831733526,0.002108118833394439,0.0061796919839713265,23.905445217070906
224.0,0.11935120283566616,0.0020922480768839923,0.006183560913992325,24.410643688646065
225.0,0.11931168123942484,0.002076666398740788,0.006187305085355138,24.9206059399864
226.0,0.11926789333419201,0.002061363393392554,0.0061909305469262975,25.435095612531192
227.0,0.11922036047352198,0.002046328935790965,0.0061944429035074725,25.9538687427007
228.0,0.11916951582405928,0.0020315535019796755,0.006197847242311114,26.476678909731103
229.0,0.11911578423464948,0.002017027631431221,0.006201148613202565,27.003279956287532
230.0,0.11905954933896416,0.002002742094724602,0.0062043517171974875,27.533419033136354
231.0,0.11900112467876059,0.001988688180764694,0.006207460812551905,28.06684012269136
232.0,0.11894081693577366,0.0019748572362995836,0.006210480123414293,28.603287371632916
233.0,0.11887890181121495,0.001961240802310045,0.006213413598965612,29.142498861644206
234.0,0.11881560046677912,0.0019478308722067814,0.006216264806205041,29.684208328116913
235.0,0.11875112851476026,0.0019346194925625644,0.006219037280275762,30.228149484981056
236.0,0.11868567872544943,0.0019215988757806074,0.006221734338588578,30.77405032631954
237.0,0.11861940218493963,0.0019087616330802255,0.006224358964854706,31.32163280818165
238.0,0.1185524455625967,0.0018961004248285326,0.006226914112360271,31.870618581812103
239.0,0.11848493896307138,0.0018836080540439017,0.006229402560912882,32.42072365201828
240.0,0.11841698111497638,0.0018712776768717181,0.006231826794726757,32.97165572131507
241.0,0.11834866727990177,0.0018591024949985975,0.0062341892682890076,33.523121790687966
242.0,0.11828008087772125,0.00184707583367892,0.006236492296721575,34.07482302756336
243.0,0.11821128201915919,0.001835191331350833,0.006238737928595429,34.62644938298999
244.0,0.1181423281254997,0.0018234426685430742,0.006240928182740563,35.177689574120784
245.0,0.11807326825878217,0.0018118236328545012,0.006243064964780157,35.72822604604629
246.0,0.11800413436216828,0.0018003282892340765,0.006245149934703126,36.2777263600825
247.0,0.11793495631401936,0.0017889507414098188,0.00624718472199285,36.825856144691045
248.0,0.11786575815840736,0.0017776851860741823,0.006249170862801833,37.372274071275
249.0,0.11779655149766852,0.0017665260644967947,0.006251109661034484,37.91661936875845
250.0,0.11772734636408935,0.0017554678533497705,0.006253002388477354,38.45852842522012
251.0,0.11765814876228893,0.0017445051099105097,0.006254850238455514,38.99762973960565
252.0,0.1175889557497235,0.0017336326059214087,0.006256654178180667,39.53352673676332
253.0,0.11751976320214601,0.0017228451451527964,0.006258415140128132,40.06581882616165
254.0,0.1174505642477731,0.0017121376014101752,0.006260133989148063,40.59409634271468
255.0,0.11738134566514585,0.001701505034992236,0.00626181136284559,41.1179176079646
256.0,0.11731209335589987,0.0016909425346994464,0.006263447860238043,41.636835409913495
257.0,0.1172427913773024,0.0016804452503452246,0.006265044020268368,42.15039201228014
258.0,0.1171734193752623,0.001670008492552536,0.006266600145948101,42.65808912187881
259.0,0.11710395636120728,0.0016596275968610175,0.006268116496311693,43.15942094814905
260.0,0.11703438014171642,0.0016492979524401702,0.006269593275169691,43.65386944926962
261.0,0.11696466558670507,0.0016390150857088107,0.00627103043362448,44.14086551549659
262.0,0.11689478713160198,0.0016287745442638082,0.0062724278714794066,44.61982999737548
263.0,0.11682471846752138,0.001618571923563827,0.006273785435942441,45.09016948053864
264.0,0.11675443151868023,0.001608402935361228,0.006275102695907796,45.55122658067489
265.0,0.11668389795100355,0.0015982633088080138,0.006276379159221598,46.00233058464733
266.0,0.11661308902984557,0.0015881488168513198,0.0062776142819647145,46.44279421840944
267.0,0.11654197524761205,0.0015780553305753554,0.00627880720661381,46.87185049372439
268.0,0.11647052700876212,0.0015679787346411774,0.006279957001825706,47.28871485438088
269.0,0.11639871458904284,0.0015579149553101776,0.006281062683945851,47.69258364144362
270.0,0.11632650841237473,0.0015478600025174412,0.006282122909931207,48.082554506075155
271.0,0.11625387899865666,0.001537809896144676,0.006283136245625165,48.45770189087429
272.0,0.11618079705187583,0.0015277606989569056,0.00628410117441491,48.81707069982422
273.0,0.11610723416160522,0.0015177085399307863,0.006285015822373531,49.1596017828193
274.0,0.11603316214439345,0.0015076495589953275,0.006285878234867065,49.48421315362213
275.0,0.1159585538599273,0.0014975799595612505,0.006286686210679918,49.78974286984242
276.0,0.11588338327193214,0.001487495971703584,0.006287437261090373,50.07494608912562
277.0,0.11580762486470937,0.0014773938623637393,0.006288128817935121,50.33854780705076
278.0,0.11573125536518478,0.0014672699579010998,0.006288757877412402,50.579139210043635
279.0,0.1156542520893865,0.001457120597281318,0.006289321321892039,50.795277231036835
280.0,0.11557659442752982,0.0014469421938306036,0.00628981572919026,50.985417824228584
281.0,0.11549826390874741,0.0014367311875586345,0.006290237300633182,51.14790644752942
282.0,0.11541924311199336,0.001426484065720786,0.0062905821182203244,51.28104675402813
283.0,0.11533951789402931,0.0014161973861582194,0.006290845784586521,51.38299857635703
284.0,0.11525907537557709,0.0014058677419373877,0.006291023736299913,51.45187198205183
285.0,0.11517790619580401,0.001395491812326064,0.006291110940585927,51.48564401409127
286.0,0.11509600256856879,0.0013850663148970697,0.006291102156334657,51.482235120551614
287.0,0.11501336036177484,0.001374588076235486,0.006290991690739896,51.43945369430223
288.0,0.1149299773950608,0.0013640539668327953,0.006290773586095562,51.35504697936318
289.0,0.11484585495288772,0.0013534609885959246,0.006290441480794118,51.226691277770044
290.0,0.11476099665536764,0.0013428062021121538,0.006289988687419789,51.05200853869091
291.0,0.11467540905642885,0.0013320868188274782,0.0062894081891457666,50.82861133780476
292.0,0.11458910125311499,0.0013213001357795576,0.006288692594803767,50.55409262373619
293.0,0.11450208443438979,0.0013104436151602117,0.006287834277548009,50.22611473356658
294.0,0.11441437207500224,0.0012995148463627994,0.006286825223116556,49.84240622537096
295.0,0.11432597866780031,0.0012885115916795736,0.006285657282505413,49.40085349155583
296.0,0.11423691988474854,0.0012774317984452755,0.006284321967355068,48.89957105246834
297.0,0.11414721120602153,0.0012662735884862984,0.006282810748732837,48.33691979633352
298.0,0.11405686691119066,0.0012550353421485558,0.006281114886844675,47.711739163639216
299.0,0.11396589992366987,0.0012437156080239889,0.006279225683481843,47.02318178240947
300.0,0.11387431736840901,0.0012323133049621994,0.006277134438382597,46.271264344531026
301.0,0.1137821235920435,0.0012208274974949262,0.006274832506187303,45.45635863388052
302.0,0.11368931289337549,0.0012092576802463075,0.006272311531765671,44.57988841285567
303.0,0.11359587163426764,0.0011976036104739299,0.0062695633392164715,43.64396275035571
304.0,0.11350177162392412,0.0011858654697625417,0.006266580114234939,42.651746847238535
305.0,0.11340696955016552,0.0011740438255969606,0.006263354409472933,41.60729252224704
306.0,0.11331140259059323,0.0011621396835238124,0.006259879154234109,40.515592521879064
307.0,0.11321498370358664,0.001150154550492828,0.006256147720818746,39.38254100814702
308.0,0.11311759773357365,0.0011380904515988725,0.00625215385563468,38.21478712601821
309.0,0.11301909662864446,0.0011259499688633522,0.006247891632372522,37.01959001332904
310.0,0.11291929344159449,0.0011137362847670426,0.006243355367600195,35.804635387982735
311.0,0.11281795574662516,0.001101453219607665,0.006238539502811272,34.57781165299143
312.0,0.11271479996412943,0.001089105238573252,0.006233438450116037,33.346976198322814
313.0,0.11260948477009018,0.0010766974564600062,0.006228046426575973,32.11974497364413
314.0,0.11250160350856643,0.0010642356346211523,0.006222357276356849,30.903298155752726
315.0,0.11239067477113317,0.0010517261646945174,0.006216364270048109,29.70420203621364
316.0,0.11227613560382495,0.0010391759985405992,0.006210059907469184,28.528295978059496
317.0,0.11215733372827516,0.0010265925689907731,0.0062034357378750755,27.380625423309677
318.0,0.11203351905577168,0.0010139836949018763,0.0061964821902971085,26.26540940625449
319.0,0.11190383245354733,0.0010013574647975698,0.006189188403415823,25.186033656464055
320.0,0.11176729841515871,0.0009887220671288268,0.006181542039085841,24.14508906437598
321.0,0.11162281567790819,0.000976085621890708,0.0061735291456999145,23.14443457027799
322.0,0.11146915634156346,0.0009634560288603789,0.006165134100370744,22.185293884023423
323.0,0.1113049381041676,0.000950840769943012,0.0061563394772995265,21.26829526011419
324.0,0.11112864342781276,0.0009382466490744693,0.006147125574719461,20.393558133288956
325.0,0.11093857021112331,0.0009256797858537069,0.00613747139237218,19.560859166741633
326.0,0.1107328926106772,0.0009131453070324316,0.00612735307358198,18.76958416106875
327.0,0.1105095742611297,0.0009006471981132917,0.006116745069985649,18.018886270086313
328.0,0.11026644173961511,0.0008881882751149602,0.0061056189128800824,17.307671866142723
329.0,0.11000110783941254,0.0008757699987069582,0.006093944500124179,16.63475385169353
330.0,0.10971103768161063,0.0008633925187542799,0.0060816885591090586,15.998785930832085
331.0,0.10939350583268549,0.0008510546029557505,0.006068815686066062,15.398378677896996
332.0,0.10904560297949391,0.0008387535420553509,0.006055287445827468,14.832088361999887
333.0,0.10866426637285313,0.0008264854358772331,0.006041062871529005,14.29845879391012
334.0,0.10824625169593868,0.0008142450243875903,0.006026098339810151,13.796050279111693
335.0,0.10778816952676191,0.0008020258938111491,0.006010346877661554,13.323424513473102
336.0,0.10728649446253988,0.000789820646227817,0.005993759025762465,12.879183184208378
337.0,0.10673756424397834,0.0007776208646141748,0.00597628199058115,12.461968252604315
338.0,0.10613762779816185,0.0007654174511520141,0.005957859764057987,12.07045646177436
339.0,0.10548284348127127,0.0007532006606350317,0.005938433644063238,11.70338491122373
340.0,0.10476932188472905,0.0007409603113766363,0.0059179411487509815,11.359536144406414
341.0,0.10399315394265805,0.0007286859894602228,0.005896316889859133,11.037742961530903
342.0,0.10315043715778242,0.0007163671645607317,0.005873492336698386,10.736899649465139
343.0,0.10223733299633735,0.0007039934648954438,0.005849395282192265,10.455945855855388
344.0,0.10125008115599542,0.0006915547568584847,0.0058239508846283285,10.193875462481696
345.0,0.10018507628254751,0.0006790414463726669,0.005797080788288387,9.949736073357332
346.0,0.09903889410265554,0.0006664445820447391,0.005768703581188505,9.722618817590837
347.0,0.09780833773754488,0.0006537560232834673,0.0057387353675664495,9.511666351445959
348.0,0.09649052962033314,0.0006409687439459454,0.005707088975469777,9.316065753230673
349.0,0.09508290240628721,0.0006280767709156827,0.005673675031530079,9.135044440645723
350.0,0.09358331322538319,0.0006150755517893674,0.0056384019853688745,8.967875209448883
351.0,0.09199008144479079,0.0006019619937351627,0.005601175986925811,8.813867175184743
352.0,0.09030199572212573,0.0005887344665242597,0.00556190206183389,8.672366114122536
353.0,0.08851846828888275,0.0005753931913338841,0.005520483887273551,8.54275547399512
354.0,0.08663948454943493,0.0005619399894367323,0.0054768244358983885,8.424448753491117
355.0,0.08466569053338285,0.0005483785185529561,0.005430827007899873,8.316892207355782
356.0,0.08259848846890111,0.0005347143578978346,0.005382395245567285,8.219562091678943
357.0,0.08043995146356134,0.0005209547377953195,0.00533143412347902,8.131960132331274
358.0,0.07819298484945097,0.0005071088677966155,0.005277851119498813,8.053616455175979
359.0,0.07586129687060268,0.0004931876535276058,0.005221556416283632,7.98408473697221
360.0,0.0734493369512825,0.0004792036257465329,0.005162464448199204,7.922940805530442
361.0,0.07096249541878476,0.0004651710768134278,0.00510049499482441,7.86978437977161
362.0,0.06840684979527906,0.0004511055738504312,0.005035573426388143,7.8242327312045665
363.0,0.06578936949896343,0.00043702418366729524,0.004967633142763712,7.785924267244412
364.0,0.06311778004804405,0.0004229450988691437,0.004896616064354111,7.754514756913781
365.0,0.06040050308976695,0.0004088875018389981,0.004822473732375539,7.729676133519321
366.0,0.05764667875853218,0.00039486978559133456,0.004745022424577166,7.711981670280709
367.0,0.05486602793410041,0.00038091405748206934,0.0046643291551590905,7.700512567270343
368.0,0.05206881942731538,0.00036704438961252715,0.004580679421120213,7.6933063041428955
369.0,0.04926575306365429,0.0003532825623690231,0.004494213222498411,7.689505239430294
370.0,0.04646785783659117,0.0003396501144303276,0.00440509473482,7.688294939195633
371.0,0.04368637619974071,0.00032616820485346687,0.004313512522931289,7.688900219467144
372.0,0.040932636474934336,0.0003128574797869882,0.004219679332319025,7.690581400455489
373.0,0.038217918746006475,0.0002997379431221113,0.004123831606510158,7.69263103340392
374.0,0.035553335429366,0.00028683015928241047,0.004026513737599996,7.693038494131135
375.0,0.03294962112920036,0.0002741504318868967,0.003927614940896767,7.693038494131135
376.0,0.03041705791458036,0.0002617154570226215,0.003827195124051085,7.693038494131135
377.0,0.02796531480010636,0.00024954145689552645,0.0037254103645170205,7.693038494131135
378.0,0.025603301611982373,0.00023764359311290645,0.003622427747089179,7.693038494131135
379.0,0.023339050204627614,0.00022603585717867196,0.0035184246413246354,7.693038494131135
380.0,0.02117960208328871,0.00021473097160072522,0.0034135878379245002,7.693038494131135
381.0,0.019130912338539086,0.00020374031066814428,0.003308112546251819,7.693038494131135
382.0,0.017197771696495362,0.00019307384150395095,0.00320220125747494,7.693038494131135
383.0,0.015383739164488179,0.0001827400714681704,0.003096062487606478,7.693038494131135
384.0,0.0136911524742754,0.00017274605799995555,0.0029899094032942016,7.693038494131135
385.0,0.012121011944623864,0.00016309733463763576,0.002883958323295798,7.693038494131135
386.0,0.010673126953200515,0.00015379801318505542,0.002778427213259268,7.693038494131135
387.0,0.009346313602161897,0.00014485085493739645,0.0026735342089645128,7.693038494131135
388.0,0.008138002619179678,0.000136257109052614,0.002569495625649096,7.693038494131135
389.0,0.007044804274239882,0.0001280168086388888,0.0024665247450247983,7.693038494131135
390.0,0.0060621539674179685,0.00012012856282017034,0.0023648296802823206,7.693038494131135
391.0,0.005184783707055229,0.0001125898262702002,0.0022646120504487915,7.693038494131135
392.0,0.004406789624506791,0.00010539694318833781,0.002166065425847053,7.693038494131135
393.0,0.0037217154765538654,9.85451901866238e-05,0.002069373728727588,7.693038494131135
394.0,0.0031227764713671726,9.202890784954053e-05,0.0019747099951148896,7.693038494131135
395.0,0.002602926303620699,8.584154436339456e-05,0.0018822350110783096,7.693038494131135
396.0,0.0021550602680964256,7.997578171662914e-05,0.0017920963435868694,7.693038494131135
397.0,0.0017720958765881775,7.44235953724091e-05,0.0017044272993998533,7.693038494131135
398.0,0.0014471222807616701,6.917636200711907e-05,0.0016193462524086823,7.693038494131135
399.0,0.0011734957241139633,6.421731986894185e-05,0.0014496445833471195,8.051979469251382
400.0,0.0009448975624705465,5.953454243855356e-05,0.0011628336814003743,9.051979392348432
401.0,0.0007554142921350638,5.5132628553765067e-05,0.0009258859338864095,10.051979315425339
402.0,0.0005996038925325878,5.100048967273973e-05,0.0007317160827933993,11.051979238502241
403.0,0.0004725113929756679,4.712697244306186e-05,0.0005739037697974647,12.051979161579146
404.0,0.0003696807162871758,4.350090554894324e-05,0.0004467009775213477,13.051979084656052
405.0,0.0002871553233790052,4.011114765642892e-05,0.0003450257728583431,14.05197900773296
406.0,0.0002214628062207195,3.694662845731074e-05,0.00026443635361130446,15.05197893080987
407.0,0.0001695942042791462,3.3996392616865097e-05,0.0002010990503731616,16.05197885388678
408.0,0.00012897191209129536,3.1249636775646195e-05,0.0001517426275730104,17.05197877696369
409.0,9.741368610687623e-05,2.8695745190779298e-05,0.0001136083667297708,18.051978700040678
410.0,7.309208977504592e-05,2.632431950661124e-05,8.439512400226163e-05,19.05197862311768
411.0,5.4495090965382456e-05,2.412520954908583e-05,6.220646623408229e-05,20.05197854619468
412.0,4.038499215809206e-05,2.208853736973082e-05,4.549635857763914e-05,21.051978469271685
413.0,2.9759995660699962e-05,2.020471998606783e-05,3.301871105453064e-05,22.051978392348683
414.0,2.181772894047029e-05,1.8464487168501677e-05,2.377990150383334e-05,23.05197831542569
415.0,1.5922562338938172e-05,1.6858897863861422e-05,1.699647140184306e-05,24.051978238502688
416.0,1.1576045493737757e-05,1.537935180913894e-05,1.2057114739831973e-05,25.051978161579694
417.0,0.0,1.4017599699209335e-05,0.0,26.051978084656692
418.0,0.0,1.2765749343231216e-05,0.0,27.051978007733695
419.0,0.0,1.1616269969776652e-05,0.0,28.051977930810697
420.0,0.0,1.056199363904173e-05,0.0,29.051977853887678
421.0,0.0,0.0,0.0,30.051977776964634
422.0,0.0,0.0,0.0,31.051977700041615
423.0,0.0,0.0,0.0,32.05197762311855
424.0,0.0,0.0,0.0,33.051977546195424
425.0,0.0,0.0,0.0,34.05197746927231
426.0,0.0,0.0,0.0,35.05197739234924
427.0,0.0,0.0,0.0,36.05197731542617
428.0,0.0,0.0,0.0,37.051977238503085
429.0,0.0,0.0,0.0,38.051977161579984
430.0,0.0,0.0,0.0,39.051977084656876
431.0,0.0,0.0,0.0,40.05197700773379
432.0,0.0,0.0,0.0,41.05197693081069
433.0,0.0,0.0,0.0,42.05197685388758
434.0,0.0,0.0,0.0,43.05197677696448
435.0,0.0,0.0,0.0,44.0519767000414
436.0,0.0,0.0,0.0,45.05197662311833
437.0,0.0,0.0,0.0,46.05197654619525
438.0,0.0,0.0,0.0,47.05197646927216
439.0,0.0,0.0,0.0,48.05197639234906
440.0,0.0,0.0,0.0,49.05197631542597
441.0,0.0,0.0,0.0,50.05197623850287
442.0,0.0,0.0,0.0,51.05197616157981
443.0,0.0,0.0,0.0,52.051976084656744
444.0,0.0,0.0,0.0,53.05197600773368
445.0,0.0,0.0,0.0,54.05197593081059
446.0,0.0,0.0,0.0,55.05197585388751
447.0,0.0,0.0,0.0,56.051975776964426
448.0,0.0,0.0,0.0,57.05197570004135
449.0,0.0,0.0,0.0,58.05197562311828
450.0,0.0,0.0,0.0,59.05197554619521
451.0,0.0,0.0,0.0,60.051975469272136
452.0,0.0,0.0,0.0,61.051975392349064
453.0,0.0,0.0,0.0,62.051975315426
454.0,0.0,0.0,0.0,63.05197523850292
455.0,0.0,0.0,0.0,64.05197516157985
456.0,0.0,0.0,0.0,65.05197508465677
457.0,0.0,0.0,0.0,66.05197500773372
458.0,0.0,0.0,0.0,67.05197493081063
459.0,0.0,0.0,0.0,68.05197485388753
460.0,0.0,0.0,0.0,69.05197477696446
461.0,0.0,0.0,0.0,70.05197470004137
462.0,0.0,0.0,0.0,71.05197462311828
463.0,0.0,0.0,0.0,72.05197454619523
464.0,0.0,0.0,0.0,73.05197446927215
465.0,0.0,0.0,0.0,74.05197439234908
466.0,0.0,0.0,0.0,75.051974315426
467.0,0.0,0.0,0.0,76.05197423850291
468.0,0.0,0.0,0.0,77.05197416157984
469.0,0.0,0.0,0.0,78.05197408465676
470.0,0.0,0.0,0.0,79.05197400773369
471.0,0.0,0.0,0.0,80.05197393081062
472.0,0.0,0.0,0.0,81.05197385388755
473.0,0.0,0.0,0.0,82.05197377696449
474.0,0.0,0.0,0.0,83.05197370004142
475.0,0.0,0.0,0.0,84.05197362311834
476.0,0.0,0.0,0.0,85.05197354619527
477.0,0.0,0.0,0.0,86.0519734692722
478.0,0.0,0.0,0.0,87.05197339234911
479.0,0.0,0.0,0.0,88.05197331542604
480.0,0.0,0.0,0.0,89.05197323850295
481.0,0.0,0.0,0.0,90.05197316157988
482.0,0.0,0.0,0.0,91.0519730846568
483.0,0.0,0.0,0.0,92.05197300773372
484.0,0.0,0.0,0.0,93.0519729308106
485.0,0.0,0.0,0.0,94.0519728538875
486.0,0.0,0.0,0.0,94.87789931113467
487.0,0.0,0.0,0.0,94.87789931918658
488.0,0.0,0.0,0.0,94.87789931918658
489.0,0.0,0.0,0.0,94.87789931918658
490.0,0.0,0.0,0.0,94.87789931918658
491.0,0.0,0.0,0.0,94.87789931918658
492.0,0.0,0.0,0.0,94.87789931918658
493.0,0.0,0.0,0.0,94.87789931918658
494.0,0.0,0.0,0.0,7.692813497599011
495.0,0.0,0.0,0.0,7.692813497599011
496.0,0.0,0.0,0.0,7.692813497599011
497.0,0.0,0.0,0.0,7.692813497599011
498.0,0.0,0.0,0.0,7.692813497599011
499.0,0.0,0.0,0.0,7.692813497599011
500.0,0.0,0.0,0.0,7.692813497599011
501.0,0.0,0.0,0.0,7.692813497599011
502.0,0.0,0.0,0.0,7.692813497599011
503.0,0.0,0.0,0.0,7.692813497599011
504.0,0.0,0.0,0.0,7.692813497599011
505.0,0.0,0.0,0.0,7.692813497599011
506.0,0.0,0.0,0.0,7.692813497599011
507.0,0.0,0.0,0.0,7.692813497599011
508.0,0.0,0.0,0.0,7.692813497599011
509.0,0.0,0.0,0.0,7.692813497599011
510.0,0.0,0.0,0.0,7.692813497599011
511.0,0.0,0.0,0.0,7.692813497599011
512.0,0.0,0.0,0.0,7.692813497599011
513.0,0.0,0.0,0.0,7.692813497599011
514.0,0.0,0.0,0.0,7.692813497599011
515.0,0.0,0.0,0.0,7.692813497599011
516.0,0.0,0.0,0.0,7.692813497599011
517.0,0.0,0.0,0.0,7.692813497599011
518.0,0.0,0.0,0.0,7.692813497599011
519.0,0.0,0.0,0.0,7.692461376979494
520.0,0.0,0.0,0.0,7.690455670228016
521.0,0.0,0.0,0.0,7.688656447318245
522.0,0.0,0.0,0.0,7.687810651130754
523.0,0.0,0.0,0.0,7.688647945187755
524.0,0.0,0.0,0.0,7.691919248192498
525.0,0.0,0.0,0.0,7.698395430820833
526.0,0.0,0.0,0.0,7.70886298314195
527.0,0.0,0.0,0.0,7.725144252117267
528.0,0.0,0.0,0.0,7.748001180591242
529.0,0.0,0.0,0.0,7.776851740981413
530.0,0.0,0.0,0.0,7.811868449621887
531.0,0.0,0.0,0.0,7.853223391320017
532.0,0.0,0.0,0.0,7.901085924260766
533.0,0.0,0.0,0.0,7.955626023866535
534.0,0.0,0.0,0.0,8.017010108065776
535.0,0.0,0.0,0.0,8.085404188159709
536.0,0.0,0.0,0.0,8.160970699381968
537.0,0.0,0.0,0.0,8.243869156129863
538.0,0.0,0.0,0.0,8.334257495035681
539.0,0.0,0.0,0.0,8.432287233274469
540.0,0.0,0.0,0.0,8.538109210095865
541.0,0.0,0.0,0.0,8.651866478027943
542.0,0.0,0.0,0.0,8.77369951075647
543.0,0.0,0.0,0.0,8.903742677203242
544.0,0.0,0.0,0.0,9.04212257552603
545.0,0.0,0.0,0.0,9.188963836969718
546.0,0.0,0.0,0.0,9.344379253157948
547.0,0.0,0.0,0.0,9.508477867656268
548.0,0.0,0.0,0.0,9.681361342389652
549.0,0.0,0.0,0.0,9.863118489133932
550.0,0.0,0.0,0.0,10.053836593100675
551.0,0.0,0.0,0.0,10.253590703227655
552.0,0.0,0.0,0.0,10.462442507063026
553.0,0.0,0.0,0.0,10.680452828541219
554.0,0.0,0.0,0.0,10.907670150094214
555.0,0.0,0.0,0.0,11.144124252238955
556.0,0.0,0.0,0.0,11.389843355676257
557.0,0.0,0.0,0.0,11.644852749487306
558.0,0.0,0.0,0.0,11.909152014011879
559.0,0.0,0.0,0.0,12.18272756908792
560.0,0.0,0.0,0.0,12.465565738331177
561.0,0.0,0.0,0.0,12.757652806257207
562.0,0.0,0.0,0.0,13.05895551732301
563.0,0.0,0.0,0.0,13.369412178283765
564.0,0.0,0.0,0.0,13.688962843122805
565.0,0.0,0.0,0.0,14.017547565823469
566.0,0.0,0.0,0.0,14.35509648402229
567.0,0.0,0.0,0.0,14.701507713424968
568.0,0.0,0.0,0.0,15.056679436392386
569.0,0.0,0.0,0.0,15.420510073905064
570.0,0.0,0.0,0.0,15.792893383821731
571.0,0.0,0.0,0.0,16.173692811333478
572.0,0.0,0.0,0.0,16.56277037565856
573.0,0.0,0.0,0.0,16.959989418651315
574.0,0.0,0.0,0.0,17.36520015437533
575.0,0.0,0.0,0.0,17.778236683978253
576.0,0.0,0.0,0.0,18.198935356497923
577.0,0.0,0.0,0.0,18.62712985562769
578.0,0.0,0.0,0.0,19.06263434876629
579.0,0.0,0.0,0.0,19.505261312273486
580.0,0.0,0.0,0.0,19.95482417651866
581.0,0.0,0.0,0.0,20.411126290475096
582.0,0.0,0.0,0.0,20.873959295893677
583.0,0.0,0.0,0.0,21.343117627322552
584.0,0.0,0.0,0.0,21.818393853403393
585.0,0.0,0.0,0.0,22.299566175583912
586.0,0.0,0.0,0.0,22.786412395442625
587.0,0.0,0.0,0.0,23.278711252469883
588.0,0.0,0.0,0.0,23.776234514460704
589.0,0.0,0.0,0.0,24.27874529069282
590.0,0.0,0.0,0.0,24.78600905395038
591.0,0.0,0.0,0.0,25.297790123474428
592.0,0.0,0.0,0.0,25.813842474197376
593.0,0.0,0.0,0.0,26.33391895668797
594.0,0.0,0.0,0.0,26.8577731122155
595.0,0.0,0.0,0.0,27.385153958201613
596.0,0.0,0.0,0.0,27.91580241653547
597.0,0.0,0.0,0.0,28.449460195227154
598.0,0.0,0.0,0.0,28.985868397492332
599.0,0.0,0.0,0.0,29.524759867657544
600.0,0.0,0.0,0.0,30.06586306123017
601.0,0.0,0.0,0.0,30.608906608259794
602.0,0.0,0.0,0.0,31.153616218307253
603.0,0.0,0.0,0.0,31.699706981461542
604.0,0.0,0.0,0.0,32.24689174751759
605.0,0.0,0.0,0.0,32.79488316492162
606.0,0.0,0.0,0.0,33.34338559521275
607.0,0.0,0.0,0.0,33.892092544662724
608.0,0.0,0.0,0.0,34.44069679521294
609.0,0.0,0.0,0.0,34.988889095508554
610.0,0.0,0.0,0.0,35.536343393583564
611.0,0.0,0.0,0.0,36.082726332137774
612.0,0.0,0.0,0.0,36.62770465424992
613.0,0.0,0.0,0.0,37.17093467655297
614.0,0.0,0.0,0.0,37.71205095923747
615.0,0.0,0.0,0.0,38.25068581060733
616.0,0.0,0.0,0.0,38.786469885338306
617.0,0.0,0.0,0.0,39.31900615836744
618.0,0.0,0.0,0.0,39.84788199121795
619.0,0.0,0.0,0.0,40.372685085948405
620.0,0.0,0.0,0.0,40.892988317192234
621.0,0.0,0.0,0.0,41.40832507694658
622.0,0.0,0.0,0.0,41.91822385719353
623.0,0.0,0.0,0.0,42.422209112733576
624.0,0.0,0.0,0.0,42.91976219796693
625.0,0.0,0.0,0.0,43.41034180576452
626.0,0.0,0.0,0.0,43.89340434051602
627.0,0.0,0.0,0.0,44.368358437527725
628.0,0.0,0.0,0.0,44.83458066992275
629.0,0.0,0.0,0.0,45.29144528369947
630.0,0.0,0.0,0.0,45.738269236505595
631.0,0.0,0.0,0.0,46.174326828544565
632.0,0.0,0.0,0.0,46.59888999284904
633.0,0.0,0.0,0.0,47.011162510536
634.0,0.0,0.0,0.0,47.410291990277855
635.0,0.0,0.0,0.0,47.79542008293232
636.0,0.0,0.0,0.0,48.16560995765643
637.0,0.0,0.0,0.0,48.51986795080006
638.0,0.0,0.0,0.0,48.857175695137336
639.0,0.0,0.0,0.0,49.17640703574259
640.0,0.0,0.0,0.0,49.47641041292307
641.0,0.0,0.0,0.0,49.75595429295607
642.0,0.0,0.0,0.0,50.01371086316031
643.0,0.0,0.0,0.0,50.248329180086216
644.0,0.0,0.0,0.0,50.45831790850773
645.0,0.0,0.0,0.0,50.64213641268052
646.0,0.0,0.0,0.0,50.798161871965476
647.0,0.0,0.0,0.0,50.92465669594861
648.0,0.0,0.0,0.0,51.01982567200508
649.0,0.0,0.0,0.0,51.081742882567376
650.0,0.0,0.0,0.0,51.108436134180316
651.0,0.0,0.0,0.0,51.09780217496091
652.0,0.0,0.0,0.0,51.04769634239898
653.0,0.0,0.0,0.0,50.95587127094695
654.0,0.0,0.0,0.0,50.820038321984235
655.0,0.0,0.0,0.0,50.63786568088247
656.0,0.0,0.0,0.0,50.40699204269051
657.0,0.0,0.0,0.0,50.1250956654988
658.0,0.0,0.0,0.0,49.78987692832959
659.0,0.0,0.0,0.0,49.39916672356474
660.0,0.0,0.0,0.0,48.95094363205518
661.0,0.0,0.0,0.0,48.443397305820305
662.0,0.0,0.0,0.0,47.87509038915249
663.0,0.0,0.0,0.0,47.244857637422605
664.0,0.0,0.0,0.0,46.55221936412709
665.0,0.0,0.0,0.0,45.797029256409886
666.0,0.0,0.0,0.0,44.98014526777011
667.0,0.0,0.0,0.0,44.1029005805682
668.0,0.0,0.0,0.0,43.16771512556511
669.0,0.0,0.0,0.0,42.17775790694434
670.0,0.0,0.0,0.0,41.13725555841902
671.0,0.0,0.0,0.0,40.05124418405972
672.0,0.0,0.0,0.0,38.92562622705709
673.0,0.0,0.0,0.0,37.767032581995345
674.0,0.0,0.0,0.0,36.5826547468635
675.0,0.0,0.0,0.0,35.38004827597215
676.0,0.0,0.0,0.0,34.166933820776606
677.0,0.0,0.0,0.0,32.950974105350454
678.0,0.0,0.0,0.0,31.73956169966113
679.0,0.0,0.0,0.0,30.539634151703094
680.0,0.0,0.0,0.0,29.357523671104495
681.0,0.0,0.0,0.0,28.198847663679267
682.0,0.0,0.0,0.0,27.068441745899104
683.0,0.0,0.0,0.0,25.970333227842087
684.0,0.0,0.0,0.0,24.90775036267702
685.0,0.0,0.0,0.0,23.883159095257817
686.0,0.0,0.0,0.0,22.898313122984007
687.0,0.0,0.0,0.0,21.954349268506192
688.0,0.0,0.0,0.0,21.051864567390474
689.0,0.0,0.0,0.0,20.190923690899872
690.0,0.0,0.0,0.0,19.371317803757275
691.0,0.0,0.0,0.0,18.592392551724327
692.0,0.0,0.0,0.0,17.853342698832368
693.0,0.0,0.0,0.0,17.15307266660806
694.0,0.0,0.0,0.0,16.49043513572736
695.0,0.0,0.0,0.0,15.864103009808902
696.0,0.0,0.0,0.0,15.272715235485768
697.0,0.0,0.0,0.0,14.714870023147936
698.0,0.0,0.0,0.0,14.189139085262235
699.0,0.0,0.0,0.0,13.694116637695391
700.0,0.0,0.0,0.0,13.228399998505681
701.0,0.0,0.0,0.0,12.790617482556872
702.0,0.0,0.0,0.0,12.37944477406926
703.0,0.0,0.0,0.0,11.99358719182803
704.0,0.0,0.0,0.0,11.631806667615834
705.0,0.0,0.0,0.0,11.292913612344405
706.0,0.0,0.0,0.0,10.975763635293282
707.0,0.0,0.0,0.0,10.679273095105474
708.0,0.0,0.0,0.0,10.402403368166912
709.0,0.0,0.0,0.0,10.144166485990452
710.0,0.0,0.0,0.0,9.903628634258856
711.0,0.0,0.0,0.0,9.679897578733597
712.0,0.0,0.0,0.0,9.472130951511955
713.0,0.0,0.0,0.0,9.279530376397505
714.0,0.0,0.0,0.0,9.1013362923762
715.0,0.0,0.0,0.0,8.936833689156497
716.0,0.0,0.0,0.0,8.785342908183116
717.0,0.0,0.0,0.0,8.646220169927957
718.0,0.0,0.0,0.0,8.518858565846198
719.0,0.0,0.0,0.0,8.402680322774279
720.0,0.0,0.0,0.0,8.297140204218973
721.0,0.0,0.0,0.0,8.201721875051556
722.0,0.0,0.0,0.0,8.115934104295455
723.0,0.0,0.0,0.0,8.0393138743014
724.0,0.0,0.0,0.0,7.971420407015936
725.0,0.0,0.0,0.0,7.9118354283879935
726.0,0.0,0.0,0.0,7.860163931402256
727.0,0.0,0.0,0.0,7.816027618489572
728.0,0.0,0.0,0.0,7.779070293429207
729.0,0.0,0.0,0.0,7.748950622473178
